-- phpMyAdmin SQL Dump
-- version 4.0.10deb1
-- http://www.phpmyadmin.net
--
-- Хост: localhost
-- Время создания: Окт 14 2016 г., 17:12
-- Версия сервера: 5.5.52-0ubuntu0.14.04.1
-- Версия PHP: 5.5.9-1ubuntu4.19

SET SQL_MODE = "NO_AUTO_VALUE_ON_ZERO";
SET time_zone = "+00:00";


/*!40101 SET @OLD_CHARACTER_SET_CLIENT=@@CHARACTER_SET_CLIENT */;
/*!40101 SET @OLD_CHARACTER_SET_RESULTS=@@CHARACTER_SET_RESULTS */;
/*!40101 SET @OLD_COLLATION_CONNECTION=@@COLLATION_CONNECTION */;
/*!40101 SET NAMES utf8 */;

--
-- База данных: `caseup`
--

-- --------------------------------------------------------

--
-- Структура таблицы `case`
--

CREATE TABLE IF NOT EXISTS `case` (
  `id` int(10) unsigned NOT NULL AUTO_INCREMENT,
  `status` int(11) NOT NULL,
  `name` text NOT NULL,
  `price` int(11) NOT NULL,
  `images` text NOT NULL,
  `nomer` int(11) NOT NULL,
  PRIMARY KEY (`id`)
) ENGINE=InnoDB  DEFAULT CHARSET=utf8 AUTO_INCREMENT=31 ;

--
-- Дамп данных таблицы `case`
--

INSERT INTO `case` (`id`, `status`, `name`, `price`, `images`, `nomer`) VALUES
(0, 0, 'Бесплатный билет', 0, '', 0),
(1, 1, 'Тёмный кейс', 89, '/images/dark_case.png', 0),
(2, 1, 'Фальшион кейс', 89, '/images/falchion_case.png', 0),
(3, 1, 'Револьверный кейс', 99, '/images/crate_community_10.png', 2),
(4, 1, 'Браво кейс', 139, '/images/bravo_case.png', 0),
(5, 1, 'Хромо 2 кейс', 89, '/images/chroma_case2.png', 0),
(6, 1, 'Хромо кейс', 89, '/images/chroma_case.png', 0),
(7, 1, 'Феникс кейс', 89, '/images/fenix_case.png', 0),
(8, 1, 'Прорыв кейс', 89, '/images/proriv_case.png', 0),
(9, 1, 'Авангард кейс', 89, '/images/avangard_case.png', 0),
(10, 1, 'Оружейный кейс', 89, '/images/winter_case.png', 0),
(11, 1, 'Охотничий кейс', 89, '/images/ohotnichiy_case.png', 0),
(12, 1, 'Weapon Case №2', 109, '/images/orujeiniy2_case.png', 0),
(13, 1, 'Армейский билет ', 29, '/images/milspec.png', 0),
(14, 1, 'Запрещённый билет ', 119, '/images/restricted.png', 0),
(15, 1, 'Засекреченный билет', 239, '/images//classified.png', 0),
(16, 1, 'Тайный билет', 459, '/images/covert.png', 0),
(17, 1, 'Случайный Нож', 5390, '/images/knife.png', 0),
(18, 1, 'Случайный USP-S', 49, '/images/caseusp.png', 0),
(19, 1, 'Случайный GLOCK-18', 59, '/images/caseglock.png', 0),
(20, 1, 'Случайный Deagle Case', 69, '/images/casedeagle.png', 0),
(21, 1, 'Случайный M4A4', 149, '/images/casem4d.png', 0),
(22, 1, 'Случайный M4A1-S', 259, '/images/m4s.png', 0),
(23, 1, 'Случайный AK-47', 259, '/images/ak47ss.png', 0),
(24, 1, 'Случаный AWP', 259, '/images/awwwp.png', 0),
(25, 1, 'eSports 2013 Case', 129, '/images/esports13.png', 0),
(26, 0, 'eSports 2013 Winter Case', 89, '/images/esports_winter.png', 0),
(27, 0, 'Weapon Case', 129, '/images/card_weapon.png', 0),
(28, 1, 'Wildfire Case', 99, '/images/wildfire.png', 1),
(29, 0, 'eSports 2014 Summer', 89, '/images/esports_summer.png', 0),
(30, 1, 'Weapon Case №3', 89, '/images/weapon3.png', 1);

-- --------------------------------------------------------

--
-- Структура таблицы `config`
--

CREATE TABLE IF NOT EXISTS `config` (
  `random` int(11) NOT NULL,
  `id` int(10) unsigned NOT NULL AUTO_INCREMENT,
  `countitems` int(11) NOT NULL,
  `keycsgotm` text NOT NULL,
  PRIMARY KEY (`id`)
) ENGINE=InnoDB  DEFAULT CHARSET=utf8 AUTO_INCREMENT=2 ;

--
-- Дамп данных таблицы `config`
--

INSERT INTO `config` (`random`, `id`, `countitems`, `keycsgotm`) VALUES
(0, 1, 1, '');

-- --------------------------------------------------------

--
-- Структура таблицы `game`
--

CREATE TABLE IF NOT EXISTS `game` (
  `id` int(10) unsigned NOT NULL AUTO_INCREMENT,
  `price` int(11) NOT NULL,
  `status` int(11) NOT NULL,
  `userid` int(10) unsigned NOT NULL,
  `case` int(10) unsigned NOT NULL,
  `weapon` text NOT NULL,
  `one` text NOT NULL,
  `two` text NOT NULL,
  `theree` text NOT NULL,
  `four` text NOT NULL,
  `five` text NOT NULL,
  `six` text NOT NULL,
  `seven` text NOT NULL,
  `eight` text NOT NULL,
  `nine` text NOT NULL,
  `oneticket` text NOT NULL,
  `twoticket` text NOT NULL,
  `thereeticket` text NOT NULL,
  `fourticket` text NOT NULL,
  `updated_at` timestamp NOT NULL DEFAULT CURRENT_TIMESTAMP ON UPDATE CURRENT_TIMESTAMP,
  `created_at` timestamp NOT NULL DEFAULT '0000-00-00 00:00:00',
  `ticket` int(11) NOT NULL,
  `item_id` int(10) unsigned NOT NULL,
  `buy` int(11) NOT NULL,
  `send` int(11) NOT NULL,
  `open1` int(11) NOT NULL,
  `open2` int(11) NOT NULL,
  `open3` int(11) NOT NULL,
  `open4` int(11) NOT NULL,
  `open5` int(11) NOT NULL,
  `open6` int(11) NOT NULL,
  `open7` int(11) NOT NULL,
  `open8` int(11) NOT NULL,
  `open9` int(11) NOT NULL,
  `open10` int(11) NOT NULL,
  PRIMARY KEY (`id`)
) ENGINE=InnoDB  DEFAULT CHARSET=utf8 AUTO_INCREMENT=6 ;

--
-- Дамп данных таблицы `game`
--

INSERT INTO `game` (`id`, `price`, `status`, `userid`, `case`, `weapon`, `one`, `two`, `theree`, `four`, `five`, `six`, `seven`, `eight`, `nine`, `oneticket`, `twoticket`, `thereeticket`, `fourticket`, `updated_at`, `created_at`, `ticket`, `item_id`, `buy`, `send`, `open1`, `open2`, `open3`, `open4`, `open5`, `open6`, `open7`, `open8`, `open9`, `open10`) VALUES
(1, 166, 1, 1, 23, '{"fullname":"AK-47 ","spacename":" \\u041a\\u0430\\u0440\\u0442\\u0435\\u043b\\u044c","type":"classified","classid":"720320344","item_id":null,"price":"166"}', '', '', '', '', '', '', '', '', '', '', '', '', '', '2016-10-08 01:24:01', '2016-10-08 01:23:43', 0, 614, 1, 0, 0, 0, 0, 0, 0, 0, 0, 0, 0, 0),
(2, 166, 1, 1, 23, '{"fullname":"AK-47 ","spacename":" \\u041a\\u0430\\u0440\\u0442\\u0435\\u043b\\u044c","type":"classified","classid":"720320344","item_id":null,"price":"166"}', '', '', '', '', '', '', '', '', '', '', '', '', '', '2016-10-08 01:24:23', '2016-10-08 01:24:08', 0, 614, 1, 0, 0, 0, 0, 0, 0, 0, 0, 0, 0, 0),
(3, 166, 1, 1, 6, '{"fullname":"AK-47 ","spacename":" \\u041a\\u0430\\u0440\\u0442\\u0435\\u043b\\u044c","type":"classified","classid":"822970124","item_id":null,"price":"166"}', '', '', '', '', '', '', '', '', '', '', '', '', '', '2016-10-08 01:25:06', '2016-10-08 01:24:51', 0, 125, 1, 0, 0, 0, 0, 0, 0, 0, 0, 0, 0, 0),
(4, 166, 1, 1, 6, '{"fullname":"AK-47 ","spacename":" \\u041a\\u0430\\u0440\\u0442\\u0435\\u043b\\u044c","type":"classified","classid":"822970124","item_id":null,"price":"166"}', '', '', '', '', '', '', '', '', '', '', '', '', '', '2016-10-08 01:25:36', '2016-10-08 01:25:22', 0, 125, 1, 0, 0, 0, 0, 0, 0, 0, 0, 0, 0, 0),
(5, 166, 1, 1, 6, '{"fullname":"AK-47 ","spacename":" \\u041a\\u0430\\u0440\\u0442\\u0435\\u043b\\u044c","type":"classified","classid":"822970124","item_id":null,"price":"166"}', '', '', '', '', '', '', '', '', '', '', '', '', '', '2016-10-08 01:27:48', '2016-10-08 01:27:33', 0, 125, 0, 1, 0, 0, 0, 0, 0, 0, 0, 0, 0, 0);

-- --------------------------------------------------------

--
-- Структура таблицы `inventory`
--

CREATE TABLE IF NOT EXISTS `inventory` (
  `id` int(11) NOT NULL AUTO_INCREMENT,
  `classid` varchar(255) NOT NULL,
  `name` varchar(700) NOT NULL,
  `status` int(11) NOT NULL,
  `inventoryId` varchar(255) NOT NULL,
  `steam_price` int(11) NOT NULL,
  `buyer_id` int(10) unsigned NOT NULL,
  `market_hash_name` varchar(700) NOT NULL,
  `type` varchar(700) NOT NULL,
  `quality` varchar(700) NOT NULL,
  `rarity` varchar(255) NOT NULL,
  PRIMARY KEY (`id`)
) ENGINE=InnoDB  DEFAULT CHARSET=utf8 AUTO_INCREMENT=97 ;

--
-- Дамп данных таблицы `inventory`
--

INSERT INTO `inventory` (`id`, `classid`, `name`, `status`, `inventoryId`, `steam_price`, `buyer_id`, `market_hash_name`, `type`, `quality`, `rarity`) VALUES
(1, '1603215263', 'AK-47 | Красная линия', 3, '5710643505', 0, 1, 'AK-47 | Redline (Field-Tested)', 'Винтовка', '0', 'Засекреченное'),
(2, '1603215263', 'AK-47 | Красная линия', 3, '5710712375', 0, 1, 'AK-47 | Redline (Field-Tested)', 'Винтовка', '0', 'Засекреченное'),
(3, '1011936504', 'P90 | Элитное снаряжение', 3, '5725310654', 0, 6, 'P90 | Elite Build (Well-Worn)', 'Пистолет-пулемёт', '0', 'Армейское качество'),
(4, '360459185', 'MAG-7 | Райский страж', 3, '5725310603', 0, 5, 'MAG-7 | Heaven Guard (Minimal Wear)', 'Дробовик', '0', 'Армейское качество'),
(5, '937244374', 'P250 | Валентность', 3, '5725310558', 0, 6, 'P250 | Valence (Battle-Scarred)', 'Пистолет', '0', 'Армейское качество'),
(6, '360467259', 'AK-47 | Красная линия', 3, '5725310513', 0, 6, 'AK-47 | Redline (Field-Tested)', 'Винтовка', '0', 'Засекреченное'),
(7, '937245651', 'Desert Eagle | Бронзовая декорация', 4, '5725310456', 0, 237, 'Desert Eagle | Bronze Deco (Factory New)', 'Пистолет', '0', 'Армейское качество'),
(8, '1440504234', 'AUG | Рикошет', 3, '5725310389', 0, 6, 'AUG | Ricochet (Field-Tested)', 'Винтовка', '0', 'Армейское качество'),
(9, '1011934443', 'Glock-18 | Горелка Бунзена', 3, '5725310360', 0, 6, 'Glock-18 | Bunsen Burner (Field-Tested)', 'Пистолет', '0', 'Армейское качество'),
(10, '1651480004', 'Glock-18 | Дух воды', 3, '5725310300', 0, 5, 'Glock-18 | Water Elemental (Battle-Scarred)', 'Пистолет', '0', 'Засекреченное'),
(11, '360475142', 'AUG | Хамелеон', 3, '5725310258', 0, 1, 'AUG | Chameleon (Field-Tested)', 'Винтовка', '0', 'Тайное'),
(12, '1229051041', 'AUG | Хамелеон', 3, '5725310218', 0, 1, 'AUG | Chameleon (Field-Tested)', 'Винтовка', '0', 'Тайное'),
(13, '360475142', 'AUG | Хамелеон', 3, '5725310159', 0, 1, 'AUG | Chameleon (Field-Tested)', 'Винтовка', '0', 'Тайное'),
(14, '1011934384', 'USP-S | Закрученный', 3, '5725310084', 0, 6, 'USP-S | Torque (Field-Tested)', 'Пистолет', '0', 'Армейское качество'),
(15, '939173967', 'Five-SeveN | Обезьянье дело', 3, '5725310035', 0, 5, 'Five-SeveN | Monkey Business (Well-Worn)', 'Пистолет', '0', 'Засекреченное'),
(16, '310788093', 'M4A1-S | Смешанный камуфляж', 3, '5725309985', 0, 6, 'M4A1-S | VariCamo (Minimal Wear)', 'Винтовка', '0', 'Армейское качество'),
(17, '310777228', 'Tec-9 | Окостеневший', 0, '5725309914', 0, 0, 'Tec-9 | Ossified (Factory New)', 'Пистолет', '0', 'Армейское качество'),
(18, '1354835508', 'AK-47 | Элитное снаряжение', 3, '5725309873', 0, 6, 'AK-47 | Elite Build (Field-Tested)', 'Винтовка', '0', 'Армейское качество'),
(19, '527637310', 'USP-S | Кровавый тигр', 3, '5725309773', 0, 12, 'USP-S | Blood Tiger (Minimal Wear)', 'Пистолет', '0', 'Армейское качество'),
(20, '469461401', 'AUG | Закрученный', 3, '5725341050', 0, 5, 'AUG | Torque (Field-Tested)', 'Винтовка', '0', 'Запрещенное'),
(21, '1015475852', 'M4A4 | Злобный дайме', 3, '5725340989', 0, 6, 'M4A4 | Evil Daimyo (Minimal Wear)', 'Винтовка', '0', 'Запрещенное'),
(22, '310778271', 'Dual Berettas | Синий кварц', 0, '5725340925', 0, 0, 'Dual Berettas | Cobalt Quartz (Factory New)', 'Пистолет', '0', 'Запрещенное'),
(23, '720293857', 'Sawed-Off | Безмятежность', 3, '5725340841', 0, 6, 'Sawed-Off | Serenity (Field-Tested)', 'Дробовик', '0', 'Запрещенное'),
(24, '527644929', 'MP7 | Океанская пена', 3, '5725340792', 0, 5, 'MP7 | Ocean Foam (Factory New)', 'Пистолет-пулемёт', '0', 'Запрещенное'),
(25, '360466315', 'USP-S | Страж', 4, '5725340705', 0, 5, 'USP-S | Guardian (Field-Tested)', 'Пистолет', '0', 'Запрещенное'),
(26, '1521093236', 'Five-SeveN | Дань прошлому', 0, '5725340644', 0, 0, 'Five-SeveN | Retrobution (Field-Tested)', 'Пистолет', '0', 'Запрещенное'),
(27, '1632632514', 'Glock-18 | Жернов', 3, '5725340602', 0, 6, 'Glock-18 | Grinder (Minimal Wear)', 'Пистолет', '0', 'Запрещенное'),
(28, '720305676', 'Desert Eagle | Нага', 3, '5725340564', 0, 6, 'Desert Eagle | Naga (Field-Tested)', 'Пистолет', '0', 'Запрещенное'),
(29, '310790881', 'Tec-9 | Красный кварц', 0, '5725340508', 0, 0, 'Tec-9 | Red Quartz (Minimal Wear)', 'Пистолет', '0', 'Запрещенное'),
(30, '607112794', 'P250 | Сверхновая', 3, '5725340462', 0, 6, 'P250 | Supernova (Factory New)', 'Пистолет', '0', 'Запрещенное'),
(31, '360458273', 'MAC-10 | Жар', 4, '5725340404', 0, 5, 'MAC-10 | Heat (Field-Tested)', 'Пистолет-пулемёт', '0', 'Запрещенное'),
(32, '1440515303', 'Negev | Погрузчик', 3, '5725340356', 0, 6, 'Negev | Power Loader (Field-Tested)', 'Пулемёт', '0', 'Запрещенное'),
(33, '310778280', 'M4A1-S | Нитро', 3, '5725340296', 0, 5, 'M4A1-S | Nitro (Field-Tested)', 'Винтовка', '0', 'Запрещенное'),
(34, '1440510363', 'ПП-19 Бизон | Топливный стержень', 3, '5725340234', 0, 6, 'PP-Bizon | Fuel Rod (Field-Tested)', 'Пистолет-пулемёт', '0', 'Запрещенное'),
(35, '1599063475', 'M4A1-S | Нитро', 0, '5725340204', 0, 0, 'M4A1-S | Nitro (Minimal Wear)', 'Винтовка', '0', 'Запрещенное'),
(36, '1328078977', 'AK-47 | Изумрудные завитки', 3, '5725340146', 0, 6, 'AK-47 | Emerald Pinstripe (Well-Worn)', 'Винтовка', '0', 'Запрещенное'),
(37, '1011935370', 'M4A4 | Злобный дайме', 3, '5725340089', 0, 6, 'M4A4 | Evil Daimyo (Field-Tested)', 'Винтовка', '0', 'Запрещенное'),
(38, '1011935012', 'P2000 | Пистолет', 3, '5725340039', 0, 6, 'P2000 | Handgun (Field-Tested)', 'Пистолет', '0', 'Запрещенное'),
(39, '360466315', 'USP-S | Страж', 0, '5725339987', 0, 0, 'USP-S | Guardian (Field-Tested)', 'Пистолет', '0', 'Запрещенное'),
(40, '937245791', 'AWP | Бог червей', 3, '5725339944', 0, 5, 'AWP | Worm God (Field-Tested)', 'Снайперская винтовка', '0', 'Запрещенное'),
(41, '310790881', 'Tec-9 | Красный кварц', 0, '5725339880', 0, 0, 'Tec-9 | Red Quartz (Minimal Wear)', 'Пистолет', '0', 'Запрещенное'),
(42, '360461815', 'USP-S | Страж', 0, '5725339822', 0, 0, 'USP-S | Guardian (Minimal Wear)', 'Пистолет', '0', 'Запрещенное'),
(43, '360461815', 'USP-S | Страж', 0, '5725339750', 0, 0, 'USP-S | Guardian (Minimal Wear)', 'Пистолет', '0', 'Запрещенное'),
(44, '1011951158', 'M4A4 | Злобный дайме', 2, '5725339702', 0, 241, 'M4A4 | Evil Daimyo (Well-Worn)', 'Винтовка', '0', 'Запрещенное'),
(45, '360461815', 'USP-S | Страж', 0, '5725339648', 0, 0, 'USP-S | Guardian (Minimal Wear)', 'Пистолет', '0', 'Запрещенное'),
(46, '520027398', 'P250 | Сверхновая', 2, '5725339590', 0, 241, 'P250 | Supernova (Minimal Wear)', 'Пистолет', '0', 'Запрещенное'),
(47, '360460054', 'MAC-10 | Жар', 0, '5725339529', 0, 0, 'MAC-10 | Heat (Well-Worn)', 'Пистолет-пулемёт', '0', 'Запрещенное'),
(48, '360466315', 'USP-S | Страж', 0, '5725339476', 0, 0, 'USP-S | Guardian (Field-Tested)', 'Пистолет', '0', 'Запрещенное'),
(49, '720304640', 'Desert Eagle | Нага', 2, '5725339378', 0, 241, 'Desert Eagle | Naga (Well-Worn)', 'Пистолет', '0', 'Запрещенное'),
(50, '1375002815', 'AK-47 | Изумрудные завитки', 0, '5725339308', 0, 0, 'AK-47 | Emerald Pinstripe (Well-Worn)', 'Винтовка', '0', 'Запрещенное'),
(51, '941359363', 'M4A1-S | Чистая вода', 3, '5725339250', 0, 6, 'M4A1-S | Bright Water (Minimal Wear)', 'Винтовка', '0', 'Запрещенное'),
(52, '1011934862', 'M4A4 | Злобный дайме', 2, '5725339206', 0, 241, 'M4A4 | Evil Daimyo (Minimal Wear)', 'Винтовка', '0', 'Запрещенное'),
(53, '1229051041', 'AUG | Хамелеон', 3, '5725370543', 0, 5, 'AUG | Chameleon (Field-Tested)', 'Винтовка', '0', 'Тайное'),
(54, '360475142', 'AUG | Хамелеон', 3, '5725370464', 0, 5, 'AUG | Chameleon (Field-Tested)', 'Винтовка', '0', 'Тайное'),
(55, '360475142', 'AUG | Хамелеон', 3, '5725370420', 0, 5, 'AUG | Chameleon (Field-Tested)', 'Винтовка', '0', 'Тайное'),
(56, '1440513661', 'M4A4 | Преданный паладин', 3, '5725370324', 0, 5, 'M4A4 | Royal Paladin (Battle-Scarred)', 'Винтовка', '0', 'Тайное'),
(57, '1584997137', 'M4A4 | Дождь из пуль', 3, '5725370233', 0, 5, 'M4A4 | Bullet Rain (Field-Tested)', 'Винтовка', '0', 'Тайное'),
(58, '360454763', 'Tec-9 | Песчаная буря', 3, '5725384798', 0, 6, 'Tec-9 | Sandstorm (Field-Tested)', 'Пистолет', '0', 'Армейское качество'),
(59, '1310002360', 'MAC-10 | Хроматика', 3, '5725384726', 0, 6, 'MAC-10 | Rangeen (Field-Tested)', 'Пистолет-пулемёт', '0', 'Армейское качество'),
(60, '720281711', 'Glock-18 | Захоронение', 3, '5725384683', 0, 5, 'Glock-18 | Catacombs (Field-Tested)', 'Пистолет', '0', 'Армейское качество'),
(61, '1011934629', 'UMP-45 | Бунт', 3, '5725384617', 0, 6, 'UMP-45 | Riot (Field-Tested)', 'Пистолет-пулемёт', '0', 'Армейское качество'),
(62, '506855399', 'P2000 | Пульс', 3, '5725384566', 0, 7, 'P2000 | Pulse (Field-Tested)', 'Пистолет', '0', 'Армейское качество'),
(63, '1309991123', 'FAMAS | Выживший', 3, '5725384532', 0, 6, 'FAMAS | Survivor Z (Minimal Wear)', 'Винтовка', '0', 'Армейское качество'),
(64, '1011935134', 'Galil AR | Леденец', 3, '5725384462', 0, 6, 'Galil AR | Rocket Pop (Field-Tested)', 'Винтовка', '0', 'Армейское качество'),
(65, '1440503461', 'Sawed-Off | Йорик', 0, '5725384398', 0, 0, 'Sawed-Off | Yorick (Minimal Wear)', 'Дробовик', '0', 'Армейское качество'),
(66, '1529063959', 'Glock-18 | Горелка Бунзена', 2, '5725384338', 0, 28, 'Glock-18 | Bunsen Burner (Field-Tested)', 'Пистолет', '0', 'Армейское качество'),
(67, '1011934443', 'Glock-18 | Горелка Бунзена', 3, '5748935681', 0, 241, 'Glock-18 | Bunsen Burner (Field-Tested)', 'Пистолет', '0', 'Армейское качество'),
(68, '937245651', 'Desert Eagle | Бронзовая декорация', 3, '5748935624', 0, 28, 'Desert Eagle | Bronze Deco (Factory New)', 'Пистолет', '0', 'Армейское качество'),
(69, '1011934896', 'Glock-18 | Горелка Бунзена', 0, '5748935574', 0, 0, 'Glock-18 | Bunsen Burner (Battle-Scarred)', 'Пистолет', '0', 'Армейское качество'),
(70, '937246119', 'P250 | Валентность', 0, '5748935489', 0, 0, 'P250 | Valence (Field-Tested)', 'Пистолет', '0', 'Армейское качество'),
(71, '1440503461', 'Sawed-Off | Йорик', 0, '5749096751', 0, 0, 'Sawed-Off | Yorick (Minimal Wear)', 'Дробовик', '0', 'Армейское качество'),
(72, '1529063959', 'Glock-18 | Горелка Бунзена', 0, '5749096696', 0, 0, 'Glock-18 | Bunsen Burner (Field-Tested)', 'Пистолет', '0', 'Армейское качество'),
(73, '310778271', 'Dual Berettas | Синий кварц', 0, '5749096646', 0, 0, 'Dual Berettas | Cobalt Quartz (Factory New)', 'Пистолет', '0', 'Запрещенное'),
(74, '360466315', 'USP-S | Страж', 0, '5749096562', 0, 0, 'USP-S | Guardian (Field-Tested)', 'Пистолет', '0', 'Запрещенное'),
(75, '1521093236', 'Five-SeveN | Дань прошлому', 0, '5749096524', 0, 0, 'Five-SeveN | Retrobution (Field-Tested)', 'Пистолет', '0', 'Запрещенное'),
(76, '310790881', 'Tec-9 | Красный кварц', 0, '5749096429', 0, 0, 'Tec-9 | Red Quartz (Minimal Wear)', 'Пистолет', '0', 'Запрещенное'),
(77, '360458273', 'MAC-10 | Жар', 0, '5749096368', 0, 0, 'MAC-10 | Heat (Field-Tested)', 'Пистолет-пулемёт', '0', 'Запрещенное'),
(78, '1599063475', 'M4A1-S | Нитро', 0, '5749096276', 0, 0, 'M4A1-S | Nitro (Minimal Wear)', 'Винтовка', '0', 'Запрещенное'),
(79, '360466315', 'USP-S | Страж', 0, '5749096189', 0, 0, 'USP-S | Guardian (Field-Tested)', 'Пистолет', '0', 'Запрещенное'),
(80, '310790881', 'Tec-9 | Красный кварц', 0, '5749096146', 0, 0, 'Tec-9 | Red Quartz (Minimal Wear)', 'Пистолет', '0', 'Запрещенное'),
(81, '360461815', 'USP-S | Страж', 0, '5749096088', 0, 0, 'USP-S | Guardian (Minimal Wear)', 'Пистолет', '0', 'Запрещенное'),
(82, '360461815', 'USP-S | Страж', 0, '5749096026', 0, 0, 'USP-S | Guardian (Minimal Wear)', 'Пистолет', '0', 'Запрещенное'),
(83, '1011951158', 'M4A4 | Злобный дайме', 0, '5749095946', 0, 0, 'M4A4 | Evil Daimyo (Well-Worn)', 'Винтовка', '0', 'Запрещенное'),
(84, '360461815', 'USP-S | Страж', 0, '5749095871', 0, 0, 'USP-S | Guardian (Minimal Wear)', 'Пистолет', '0', 'Запрещенное'),
(85, '520027398', 'P250 | Сверхновая', 0, '5749095795', 0, 0, 'P250 | Supernova (Minimal Wear)', 'Пистолет', '0', 'Запрещенное'),
(86, '360460054', 'MAC-10 | Жар', 0, '5749095748', 0, 0, 'MAC-10 | Heat (Well-Worn)', 'Пистолет-пулемёт', '0', 'Запрещенное'),
(87, '1209798943', 'P90 | Треугольник', 3, '5749146151', 0, 241, 'P90 | Trigon (Field-Tested)', 'Пистолет-пулемёт', '0', 'Засекреченное'),
(88, '937248083', 'FAMAS | Джинн', 3, '5749146111', 0, 241, 'FAMAS | Djinn (Well-Worn)', 'Винтовка', '0', 'Засекреченное'),
(89, '360466315', 'USP-S | Страж', 0, '5749163268', 0, 0, 'USP-S | Guardian (Field-Tested)', 'Пистолет', '0', 'Запрещенное'),
(90, '720304640', 'Desert Eagle | Нага', 0, '5749163199', 0, 0, 'Desert Eagle | Naga (Well-Worn)', 'Пистолет', '0', 'Запрещенное'),
(91, '1375002815', 'AK-47 | Изумрудные завитки', 0, '5749163143', 0, 0, 'AK-47 | Emerald Pinstripe (Well-Worn)', 'Винтовка', '0', 'Запрещенное'),
(92, '1011934862', 'M4A4 | Злобный дайме', 0, '5749163100', 0, 0, 'M4A4 | Evil Daimyo (Minimal Wear)', 'Винтовка', '0', 'Запрещенное'),
(93, '1435272723', 'Dual Berettas | Гемоглобин', 0, '5749163026', 0, 0, 'Dual Berettas | Hemoglobin (Factory New)', 'Пистолет', '0', 'Запрещенное'),
(94, '385366320', 'AWP | Гадюка', 3, '5749162962', 0, 241, 'AWP | Pit Viper (Field-Tested)', 'Снайперская винтовка', '0', 'Запрещенное'),
(95, '1565579755', 'USP-S | Страж', 0, '5749162882', 0, 0, 'USP-S | Guardian (Minimal Wear)', 'Пистолет', '0', 'Запрещенное'),
(96, '725836577', 'AK-47 | Картель', 3, '7700218540', 0, 1, 'AK-47 | Cartel (Field-Tested)', 'Винтовка', '0', 'Засекреченное');

-- --------------------------------------------------------

--
-- Структура таблицы `items`
--

CREATE TABLE IF NOT EXISTS `items` (
  `id` int(10) unsigned NOT NULL,
  `case_id` int(10) unsigned NOT NULL,
  `market_hash_name` text NOT NULL,
  `classid` int(11) NOT NULL,
  `type` text NOT NULL,
  `price` int(11) NOT NULL,
  `market_name` text NOT NULL,
  `updated_at` timestamp NOT NULL DEFAULT CURRENT_TIMESTAMP ON UPDATE CURRENT_TIMESTAMP,
  `created_at` timestamp NOT NULL DEFAULT '0000-00-00 00:00:00',
  `status` int(11) NOT NULL,
  `counts` int(11) NOT NULL
) ENGINE=InnoDB DEFAULT CHARSET=utf8;

--
-- Дамп данных таблицы `items`
--

INSERT INTO `items` (`id`, `case_id`, `market_hash_name`, `classid`, `type`, `price`, `market_name`, `updated_at`, `created_at`, `status`, `counts`) VALUES
(1, 1, 'XM1014 | Scumbria (Field-Tested)', 1309998372, 'milspec', 6, 'XM1014 | Скумбрия (После полевых испытаний)', '2016-10-08 01:15:17', '2016-02-14 05:22:48', 0, 0),
(2, 1, 'SCAR-20 | Green Marine (Field-Tested)', 1535734130, 'milspec', 7, 'SCAR-20 | Зеленый морпех (После полевых испытаний)', '2016-10-08 01:15:14', '2016-02-14 05:22:57', 0, 0),
(3, 1, 'Dual Berettas | Dualing Dragons (Field-Tested)', 1309993736, 'milspec', 8, 'Dual Berettas | Драконий дуэт (После полевых испытаний)', '2016-10-08 01:15:37', '2016-02-14 05:25:31', 0, 0),
(4, 1, 'Glock-18 | Wraiths (Field-Tested)', 1535732362, 'milspec', 8, 'Glock-18 | Призраки (После полевых испытаний)', '2016-10-08 01:15:38', '2016-02-14 05:26:10', 0, 0),
(5, 1, 'MAG-7 | Cobalt Core (Field-Tested)', 1535729377, 'milspec', 7, 'MAG-7 | Ядро кобальта (После полевых испытаний)', '2016-10-08 01:14:52', '2016-02-14 05:26:45', 0, 0),
(6, 1, 'FAMAS | Survivor Z (Field-Tested)', 1309988935, 'milspec', 8, 'FAMAS | Выживший (После полевых испытаний)', '2016-10-08 01:15:36', '2016-02-14 05:27:08', 0, -1),
(7, 1, 'MAC-10 | Rangeen (Field-Tested)', 1310002360, 'milspec', 7, 'MAC-10 | Хроматика (После полевых испытаний)', '2016-10-08 01:15:29', '2016-02-20 05:27:35', 0, -1),
(8, 1, 'M249 | Nebula Crusader (Field-Tested)', 1537717427, 'restricted', 31, 'M249 | Космический воитель (После полевых испытаний)', '2016-10-08 01:17:19', '2016-02-14 05:28:02', 0, 0),
(9, 1, 'Galil AR | Stone Cold (Field-Tested)', 1537717923, 'restricted', 31, 'Galil AR | Невозмутимость (После полевых испытаний)', '2016-10-08 01:17:18', '2016-02-14 05:28:29', 0, 0),
(10, 1, 'P250 | Wingshot (Field-Tested)', 1309994951, 'restricted', 32, 'P250 | Охотник (После полевых испытаний)', '2016-10-08 01:17:22', '2016-02-14 05:28:52', 0, 0),
(11, 1, 'MP7 | Special Delivery (Field-Tested)', 1374270778, 'restricted', 31, 'MP7 | Особая доставка (После полевых испытаний)', '2016-10-08 01:17:19', '2016-02-14 05:29:16', 0, 0),
(12, 1, 'G3SG1 | Flux (Field-Tested)', 1387707568, 'classified', 144, 'G3SG1 | Поток (После полевых испытаний)', '2016-10-08 01:19:31', '2016-02-14 05:29:54', 0, 0),
(13, 1, 'AK-47 | Frontside Misty (Field-Tested)', 1353995576, 'classified', 581, 'AK-47 | Снежный вихрь (После полевых испытаний)', '2016-10-08 01:21:09', '2016-02-14 05:30:09', 0, 0),
(14, 1, 'SSG 08 | Big Iron (Field-Tested)', 1377047021, 'classified', 156, 'SSG 08 | Большая пушка (После полевых испытаний)', '2016-10-08 01:19:41', '2016-02-14 05:30:23', 0, 0),
(15, 1, 'USP-S | Kill Confirmed (Field-Tested)', 1310006695, 'covert', 1641, 'USP-S | Убийство подтверждено (После полевых испытаний)', '2016-10-08 01:21:48', '2016-02-14 05:31:20', 0, 0),
(16, 1, 'M4A1-S | Golden Coil (Field-Tested)', 1347119466, 'covert', 1044, 'M4A1-S | Золотая спираль (После полевых испытаний)', '2016-10-08 01:21:50', '2016-02-14 05:31:41', 0, 0),
(18, 1, '★ Shadow Daggers | Fade (Factory New)', 1312341994, 'covert', 8652, '★ Кинжалы-кастеты | Градиент (Прямо с завода)', '2016-10-08 01:24:25', '2016-02-14 05:37:13', 0, 0),
(19, 1, '★ Shadow Daggers | Forest DDPAT (Field-Tested)', 1312363323, 'covert', 2753, '★ Кинжалы-кастеты | Пиксельный камуфляж «Лес» (После полевых испытан', '2016-10-08 01:22:24', '2016-02-14 05:39:28', 0, 0),
(20, 1, '★ Shadow Daggers | Stained (Field-Tested)', 1312390782, 'covert', 3005, '★ Кинжалы-кастеты | Патина (После полевых испытаний)', '2016-10-08 01:23:36', '2016-02-14 05:40:04', 0, 0),
(21, 1, '★ Shadow Daggers | Urban Masked (Field-Tested)', 1533874035, 'covert', 2864, '★ Тычковые ножи | Городская маскировка (После полевых испытаний)', '2016-10-08 01:23:29', '2016-02-14 05:40:32', 0, 0),
(22, 2, 'USP-S | Torque (Field-Tested)', 1436749898, 'milspec', 27, 'USP-S | Закрученный (После полевых испытаний)', '2016-10-08 01:16:13', '2016-02-14 05:43:11', 0, -1),
(23, 2, 'Galil AR | Rocket Pop (Field-Tested)', 1363546846, 'milspec', 8, 'Galil AR | Леденец (После полевых испытаний)', '2016-10-08 01:15:30', '2016-02-14 05:43:23', 0, -1),
(24, 2, 'Glock-18 | Bunsen Burner (Field-Tested)', 1355359073, 'milspec', 13, 'Glock-18 | Горелка Бунзена (После полевых испытаний)', '2016-10-08 01:15:49', '2016-02-14 05:43:33', 0, -1),
(25, 2, 'UMP-45 | Riot (Field-Tested)', 1233879701, 'milspec', 7, 'UMP-45 | Бунт (После полевых испытаний)', '2016-10-08 01:15:25', '2016-02-14 05:43:41', 0, -1),
(26, 2, 'P90 | Elite Build (Field-Tested)', 1011934570, 'milspec', 8, 'P90 | Элитное снаряжение (После полевых испытаний)', '2016-10-08 01:15:47', '2016-02-14 05:43:58', 0, -1),
(27, 2, 'Nova | Ranger (Field-Tested)', 1443405780, 'milspec', 7, 'Nova | Лесничий (После полевых испытаний)', '2016-10-08 01:15:31', '2016-02-14 05:44:12', 0, 0),
(28, 2, 'Negev | Loudmouth (Field-Tested)', 1011934914, 'restricted', 18, 'Negev | Болтун (После полевых испытаний)', '2016-10-08 01:16:34', '2016-02-14 05:44:39', 0, 0),
(29, 2, 'FAMAS | Neural Net (Field-Tested)', 1356154053, 'restricted', 19, 'FAMAS | Нейронная сеть (После полевых испытаний)', '2016-10-08 01:16:34', '2016-02-14 05:44:51', 0, 0),
(30, 2, 'M4A4 | Evil Daimyo (Field-Tested)', 1356446867, 'restricted', 75, 'M4A4 | Злобный дайме (После полевых испытаний)', '2016-10-08 01:18:15', '2016-02-14 05:45:01', 0, -1),
(31, 2, 'P2000 | Handgun (Field-Tested)', 1370580171, 'restricted', 20, 'P2000 | Пистолет (После полевых испытаний)', '2016-10-08 01:16:44', '2016-02-14 05:45:18', 0, -1),
(32, 2, 'MP9 | Ruby Poison Dart (Field-Tested)', 1243070249, 'restricted', 20, 'MP9 | Рубиновый ядовитый дротик (После полевых испытаний)', '2016-10-08 01:16:43', '2016-02-14 05:45:43', 0, 0),
(33, 2, 'CZ75-Auto | Yellow Jacket (Field-Tested)', 1230266223, 'classified', 131, 'CZ75-Auto | Желтый жакет (После полевых испытаний)', '2016-10-08 01:19:29', '2016-02-14 05:45:55', 0, 0),
(34, 2, 'SG 553 | Cyrex (Field-Tested)', 1011939436, 'classified', 132, 'SG 553 | Сайрекс (После полевых испытаний)', '2016-10-08 01:19:24', '2016-02-14 05:46:20', 0, 0),
(35, 2, 'MP7 | Nemesis (Field-Tested)', 1535748201, 'classified', 182, 'MP7 | Заклятый враг (После полевых испытаний)', '2016-10-08 01:19:50', '2016-02-14 05:46:43', 0, 0),
(36, 2, 'AK-47 | Aquamarine Revenge (Field-Tested)', 1208231863, 'covert', 1024, 'AK-47 | Аквамариновая месть (После полевых испытаний)', '2016-10-08 01:21:45', '2016-02-14 05:47:00', 0, 0),
(37, 2, 'AWP | Hyper Beast (Field-Tested)', 1217975653, 'covert', 1432, 'AWP | Скоростной зверь (После полевых испытаний)', '2016-10-08 01:21:57', '2016-02-14 05:47:10', 0, 0),
(38, 2, '★ Falchion Knife | Boreal Forest (Field-Tested)', 1533677281, 'covert', 2776, '★ Фальшион | Северный лес (После полевых испытаний)', '2016-10-08 01:22:18', '2016-02-14 05:47:34', 0, 0),
(39, 2, '★ Falchion Knife | Stained (Field-Tested)', 1514658462, 'covert', 2940, '★ Фальшион | Патина (После полевых испытаний)', '2016-10-08 01:23:28', '2016-02-14 05:47:58', 0, 0),
(40, 2, '★ Gut Knife | Case Hardened (Field-Tested)', 311587968, 'covert', 4019, '★ Нож с лезвием-крюком | Поверхностная закалка (После полевых испытан', '2016-10-08 01:23:38', '2016-02-14 05:48:21', 0, 0),
(41, 3, 'R8 Revolver | Crimson Web (Field-Tested)', 1537715357, 'milspec', 7, 'Револьвер R8 | Кровавая паутина (После полевых испытаний)', '2016-10-08 01:15:31', '2016-02-14 08:58:53', 0, 0),
(42, 3, 'Sawed-Off | Yorick (Field-Tested)', 1440506720, 'milspec', 7, 'Sawed-Off | Yorick (После полевых испытаний)', '2016-10-08 01:15:32', '2016-02-14 08:59:04', 0, 0),
(43, 3, 'SCAR-20 | Outbreak (Field-Tested)', 1440502938, 'milspec', 7, 'SCAR-20 | Эпидемия (После полевых испытаний)', '2016-10-08 01:15:33', '2016-02-14 08:59:14', 0, 0),
(44, 3, 'AUG | Ricochet (Field-Tested)', 1445494195, 'milspec', 11, 'AUG | Рикошет (После полевых испытаний)', '2016-10-08 01:15:33', '2016-02-14 08:59:28', 0, -1),
(45, 3, 'Desert Eagle | Corinthian (Field-Tested)', 1442281495, 'milspec', 23, 'Desert Eagle | Послание коринфянам (После полевых испытаний)', '2016-10-08 01:16:16', '2016-02-14 08:59:42', 0, 0),
(46, 3, 'P2000 | Imperial (Field-Tested)', 1440524457, 'milspec', 12, 'P2000 | Защитник империи (После полевых испытаний)', '2016-10-08 01:16:10', '2016-02-14 09:00:03', 0, 0),
(47, 3, 'Negev | Power Loader (Field-Tested)', 1440515303, 'restricted', 35, 'Negev | Погрузчик (После полевых испытаний)', '2016-10-08 01:17:35', '2016-02-14 09:00:16', 0, -1),
(48, 3, 'XM1014 | Teclu Burner (Field-Tested)', 1440512684, 'restricted', 34, 'XM1014 | Teclu Burner (После полевых испытаний)', '2016-10-08 01:17:41', '2016-02-14 09:00:27', 0, 0),
(49, 3, 'Tec-9 | Avalanche (Field-Tested)', 1440512442, 'restricted', 55, 'Tec-9 | Avalanche (После полевых испытаний)', '2016-10-08 01:18:46', '2016-02-14 09:00:50', 0, 0),
(50, 3, 'Five-SeveN | Retrobution (Field-Tested)', 1440509660, 'restricted', 33, 'Five-SeveN | Retrobution (После полевых испытаний)', '2016-10-08 01:17:36', '2016-02-14 09:01:19', 0, 0),
(51, 3, 'SG 553 | Tiger Moth (Field-Tested)', 1535736380, 'restricted', 41, 'SG 553 | Дикая моль (После полевых испытаний)', '2016-10-08 01:17:49', '2016-02-14 09:02:00', 0, 0),
(52, 3, 'PP-Bizon | Fuel Rod (Field-Tested)', 1535730819, 'restricted', 35, 'ПП-19 Бизон | Топливный стержень (После полевых испытаний)', '2016-10-08 01:17:37', '2016-02-14 09:02:54', 0, -1),
(53, 3, 'G3SG1 | The Executioner (Field-Tested)', 1535756741, 'classified', 83, 'G3SG1 | Палач (После полевых испытаний)', '2016-10-08 01:18:47', '2016-02-14 09:03:19', 0, 0),
(54, 3, 'AK-47 | Point Disarray (Field-Tested)', 1526669366, 'classified', 685, 'AK-47 | Буйство красок (После полевых испытаний)', '2016-10-08 01:21:29', '2016-02-14 09:03:41', 0, 0),
(55, 3, 'P90 | Shapewood (Field-Tested)', 1535740798, 'classified', 81, 'P90 | Резной приклад (После полевых испытаний)', '2016-10-08 01:18:55', '2016-02-14 09:04:05', 0, 0),
(56, 3, 'R8 Revolver | Fade (Field-Tested)', 1528410306, 'covert', 150, 'Револьвер R8 | Градиент (После полевых испытаний)', '2016-10-08 01:19:52', '2016-02-14 09:04:56', 0, 0),
(57, 3, 'M4A4 | Royal Paladin (Field-Tested)', 1537742711, 'covert', 417, 'M4A4 | Преданный паладин (После полевых испытаний)', '2016-10-08 01:21:19', '2016-02-14 09:05:17', 0, -1),
(58, 3, '★ M9 Bayonet | Tiger Tooth (Factory New)', 1263505123, 'covert', 23021, '★ Штык-нож M9 | Зуб тигра (Прямо с завода)', '2016-10-08 01:24:50', '2016-02-14 09:08:17', 0, 0),
(59, 3, '★ Falchion Knife | Safari Mesh (Field-Tested)', 1401250518, 'covert', 2578, '★ Фальшион | Африканская сетка (После полевых испытаний)', '2016-10-08 01:22:12', '2016-02-14 09:10:46', 0, 0),
(60, 3, '★ Flip Knife | Tiger Tooth (Minimal Wear)', 735107857, 'covert', 11205, '★ Складной нож | Зуб тигра (Немного поношенное)', '2016-10-08 01:24:31', '2016-02-14 09:12:13', 0, 0),
(61, 3, '★ Gut Knife | Tiger Tooth (Factory New)', 1510029432, 'covert', 5881, '★ Нож с лезвием-крюком | Зуб тигра (Прямо с завода)', '2016-10-08 01:24:07', '2016-02-14 09:12:28', 0, 0),
(62, 4, 'Nova | Tempest (Field-Tested)', 1492392530, 'milspec', 44, 'Nova | Буря (После полевых испытаний)', '2016-10-08 01:18:04', '2016-02-14 09:16:28', 0, 0),
(63, 4, 'G3SG1 | Demeter (Field-Tested)', 1535757176, 'milspec', 43, 'G3SG1 | Витраж (После полевых испытаний)', '2016-10-08 01:17:57', '2016-02-14 09:17:16', 0, 0),
(64, 4, 'Galil AR | Shattered (Field-Tested)', 1531833707, 'milspec', 41, 'Galil AR | Осколки (После полевых испытаний)', '2016-10-08 01:17:58', '2016-02-14 09:17:26', 0, 0),
(65, 4, 'Dual Berettas | Black Limba (Field-Tested)', 310776549, 'milspec', 43, 'Dual Berettas | Черная лимба (После полевых испытаний)', '2016-10-08 01:17:52', '2016-02-14 09:17:37', 0, 0),
(66, 4, 'UMP-45 | Bone Pile (Field-Tested)', 310777756, 'milspec', 43, 'UMP-45 | Груда костей (После полевых испытаний)', '2016-10-08 01:17:50', '2016-02-14 09:17:47', 0, 0),
(67, 4, 'SG 553 | Wave Spray (Field-Tested)', 310777969, 'milspec', 42, 'SG 553 | Брызги волны (После полевых испытаний)', '2016-10-08 01:17:47', '2016-02-14 09:18:36', 0, 0),
(68, 4, 'USP-S | Overgrowth (Field-Tested)', 1341653545, 'restricted', 307, 'USP-S | Камуфляж (После полевых испытаний)', '2016-10-08 01:20:12', '2016-02-14 09:18:50', 0, 0),
(69, 4, 'M4A1-S | Bright Water (Field-Tested)', 406000114, 'restricted', 304, 'M4A1-S | Чистая вода (После полевых испытаний)', '2016-10-08 01:20:19', '2016-02-14 09:19:07', 0, -1),
(70, 4, 'M4A4 | Zirka (Field-Tested)', 649548721, 'restricted', 267, 'M4A4 | Зірка (После полевых испытаний)', '2016-10-08 01:20:00', '2016-02-14 09:19:17', 0, 0),
(71, 4, 'MAC-10 | Graven (Field-Tested)', 310778084, 'restricted', 260, 'MAC-10 | Гравировка (После полевых испытаний)', '2016-10-08 01:20:06', '2016-02-14 09:19:31', 0, 0),
(72, 4, 'P90 | Emerald Dragon (Field-Tested)', 310776524, 'classified', 1577, 'P90 | Изумрудный дракон (После полевых испытаний)', '2016-10-08 01:21:58', '2016-02-14 09:19:57', 0, 0),
(73, 4, 'P2000 | Ocean Foam (Factory New)', 1314118380, 'classified', 2188, 'P2000 | Океанская пена (Прямо с завода)', '2016-10-08 01:22:03', '2016-02-14 09:20:33', 0, 0),
(74, 4, 'AWP | Graphite (Factory New)', 310777843, 'classified', 2458, 'AWP | Графит (Прямо с завода)', '2016-10-08 01:22:08', '2016-02-14 09:21:11', 0, 0),
(75, 4, 'AK-47 | Fire Serpent (Field-Tested)', 1536639624, 'covert', 12584, 'AK-47 | Огненный змей (После полевых испытаний)', '2016-10-08 01:24:33', '2016-02-14 09:21:38', 0, 0),
(76, 4, 'Desert Eagle | Golden Koi (Factory New)', 667688687, 'covert', 817, 'Desert Eagle | Золотой карп (Прямо с завода)', '2016-10-08 01:21:27', '2016-02-14 09:22:01', 0, 0),
(77, 4, '★ Bayonet | Case Hardened (Factory New)', 1306101549, 'covert', 12787, '★ Штык-нож | Поверхностная закалка (Прямо с завода)', '2016-10-08 01:24:39', '2016-02-14 09:22:15', 0, 0),
(78, 4, '★ Butterfly Knife | Fade (Factory New)', 1313829460, 'covert', 15681, '★ Нож-бабочка | Градиент (Прямо с завода)', '2016-10-08 01:24:46', '2016-02-14 09:22:30', 0, 0),
(79, 4, '★ Karambit | Damascus Steel (Factory New)', 1502297133, 'covert', 17050, '★ Керамбит | Дамасская сталь (Прямо с завода)', '2016-10-08 01:24:49', '2016-02-14 09:22:45', 0, 0),
(80, 5, 'AK-47 | Elite Build (Field-Tested)', 1208901265, 'milspec', 37, 'AK-47 | Элитное снаряжение (После полевых испытаний)', '2016-10-08 01:16:52', '2016-02-14 09:28:55', 0, -1),
(81, 5, 'Desert Eagle | Bronze Deco (Field-Tested)', 1402460742, 'milspec', 8, 'Desert Eagle | Бронзовая декорация', '2016-10-08 01:15:26', '2016-02-14 09:29:15', 0, -1),
(82, 5, 'Sawed-Off | Origami (Field-Tested)', 1274029062, 'milspec', 7, 'Sawed-Off | Оригами (После полевых испытаний)', '2016-10-08 01:15:16', '2016-02-14 09:29:27', 0, 0),
(83, 5, 'P250 | Valence (Field-Tested)', 940824172, 'milspec', 8, 'P250 | Валентность', '2016-10-08 01:15:13', '2016-02-14 09:29:40', 0, -1),
(84, 5, 'Negev | Man-o''-war (Field-Tested)', 1395030622, 'milspec', 7, 'Negev | Боец (После полевых испытаний)', '2016-10-08 01:15:09', '2016-02-14 09:29:54', 0, 0),
(85, 5, 'MP7 | Armor Core (Field-Tested)', 937245046, 'milspec', 6, 'MP7 | Броня (После полевых испытаний)', '2016-10-08 01:15:07', '2016-02-14 09:30:29', 0, 0),
(86, 5, 'MAG-7 | Heat (Field-Tested)', 944600410, 'restricted', 18, 'MAG-7 | Жар (После полевых испытаний)', '2016-10-08 01:16:33', '2016-02-14 09:31:02', 0, 0),
(87, 5, 'UMP-45 | Grand Prix (Field-Tested)', 1027051062, 'restricted', 18, 'UMP-45 | Гран-при (После полевых испытаний)', '2016-10-08 01:16:28', '2016-02-14 09:31:15', 0, 0),
(89, 5, 'CZ75-Auto | Pole Position (Field-Tested)', 1396667510, 'restricted', 18, 'CZ75-Auto | Поул-позиция (После полевых испытаний)', '2016-10-08 01:16:37', '2016-02-14 09:32:31', 0, 0),
(90, 5, 'AWP | Worm God (Field-Tested)', 1354925478, 'restricted', 56, 'AWP | Бог червей (После полевых испытаний)', '2016-10-08 01:18:20', '2016-02-14 09:32:46', 0, -1),
(91, 5, 'Galil AR | Eco (Field-Tested)', 937248087, 'classified', 81, 'Galil AR | Эко (После полевых испытаний)', '2016-10-08 01:18:41', '2016-02-14 09:33:05', 0, 0),
(92, 5, 'Five-SeveN | Monkey Business (Field-Tested)', 947317826, 'classified', 90, 'Five-SeveN | Обезьянье дело (После полевых испытаний)', '2016-10-08 01:18:52', '2016-02-14 09:33:13', 0, -1),
(93, 5, 'FAMAS | Djinn (Field-Tested)', 1215441049, 'classified', 81, 'FAMAS | Джинн (После полевых испытаний)', '2016-10-08 01:18:41', '2016-02-14 09:33:24', 0, -1),
(94, 5, 'MAC-10 | Neon Rider (Field-Tested)', 978154632, 'covert', 146, 'MAC-10 | Неоновый гонщик (После полевых испытаний)', '2016-10-08 01:19:07', '2016-02-14 09:33:36', 0, 0),
(95, 5, 'M4A1-S | Hyper Beast (Field-Tested)', 1237854385, 'covert', 747, 'M4A1-S | Скоростной зверь (После полевых испытаний)', '2016-10-08 01:21:33', '2016-02-14 09:33:48', 0, 0),
(96, 5, '★ Bayonet | Blue Steel (Battle-Scarred)', 1124410617, 'covert', 6122, '★ Штык-нож | Вороненая сталь (Закаленное в боях)', '2016-10-08 01:24:05', '2016-02-14 09:34:04', 0, 0),
(97, 5, '★ Butterfly Knife | Boreal Forest (Field-Tested)', 1323789175, 'covert', 4949, '★ Нож-бабочка | Северный лес (После полевых испытаний)', '2016-10-08 01:23:52', '2016-02-14 09:34:13', 0, 0),
(98, 5, '★ Gut Knife | Case Hardened (Minimal Wear)', 311367487, 'covert', 4625, '★ Нож с лезвием-крюком | Поверхностная закалка (Немного поношенное)', '2016-10-08 01:23:44', '2016-02-14 09:34:27', 0, 0),
(99, 5, '★ Karambit | Stained (Field-Tested)', 312317812, 'covert', 11401, '★ Керамбит | Патина (После полевых испытаний)', '2016-10-08 01:24:29', '2016-02-14 09:34:46', 0, 0),
(100, 6, 'Glock-18 | Catacombs (Field-Tested)', 1354049857, 'milspec', 12, 'Glock-18 | Захоронение (После полевых испытаний)', '2016-10-08 01:15:40', '2016-02-15 06:48:11', 0, -1),
(101, 6, 'SCAR-20 | Grotto (Field-Tested)', 749024833, 'milspec', 7, 'SCAR-20 | Грот (После полевых испытаний)', '2016-10-08 01:15:15', '2016-02-15 06:54:36', 0, 0),
(102, 6, 'MP9 | Deadly Poison (Field-Tested)', 1292488399, 'milspec', 8, 'MP9 | Смертельный яд (После полевых испытаний)', '2016-10-08 01:15:57', '2016-02-15 06:55:05', 0, 0),
(103, 6, 'XM1014 | Quicksilver (Field-Tested)', 728050671, 'milspec', 7, 'XM1014 | Ртуть (После полевых испытаний)', '2016-10-08 01:15:17', '2016-02-15 06:55:19', 0, 0),
(104, 7, 'MAG-7 | Heaven Guard (Field-Tested)', 362432897, 'milspec', 6, 'MAG-7 | Райский страж (После полевых испытаний)', '2016-10-08 01:15:06', '2016-02-15 06:55:46', 0, -1),
(105, 7, 'Negev | Terrain (Field-Tested)', 360460776, 'milspec', 7, 'Negev | Почва (После полевых испытаний)', '2016-10-08 01:15:39', '2016-02-15 06:56:10', 0, 0),
(106, 7, 'UMP-45 | Corporal (Field-Tested)', 645637611, 'milspec', 7, 'UMP-45 | Капрал (После полевых испытаний)', '2016-10-08 01:15:18', '2016-02-15 06:56:22', 0, 0),
(107, 7, 'Tec-9 | Sandstorm (Field-Tested)', 360454763, 'milspec', 7, 'Tec-9 | Песчаная буря (После полевых испытаний)', '2016-10-08 01:15:18', '2016-02-15 06:56:32', 0, -1),
(108, 6, 'Dual Berettas | Urban Shock (Field-Tested)', 1465627562, 'restricted', 26, 'Dual Berettas | Городской шок (После полевых испытаний)', '2016-10-08 01:16:55', '2016-02-15 06:56:41', 0, 0),
(109, 7, 'USP-S | Guardian (Field-Tested)', 1364226979, 'restricted', 54, 'USP-S | Страж (После полевых испытаний)', '2016-10-08 01:17:26', '2016-02-15 06:56:42', 0, -1),
(110, 7, 'FAMAS | Sergeant (Field-Tested)', 360466399, 'restricted', 27, 'FAMAS | Сержант (После полевых испытаний)', '2016-10-08 01:17:05', '2016-02-15 06:56:56', 0, 0),
(111, 6, 'MAC-10 | Malachite (Field-Tested)', 993663455, 'restricted', 27, 'MAC-10 | Малахит (После полевых испытаний)', '2016-10-08 01:16:56', '2016-02-15 06:57:07', 0, 0),
(112, 6, 'Sawed-Off | Serenity (Field-Tested)', 1259764514, 'restricted', 27, 'Sawed-Off | Безмятежность (После полевых испытаний)', '2016-10-08 01:17:01', '2016-02-15 06:57:09', 0, -1),
(113, 7, 'MAC-10 | Heat (Field-Tested)', 1252100359, 'restricted', 28, 'MAC-10 | Жар (После полевых испытаний)', '2016-10-08 01:17:12', '2016-02-15 06:57:33', 0, -1),
(114, 7, 'SG 553 | Pulse (Field-Tested)', 924132255, 'restricted', 28, 'SG 553 | Пульс (После полевых испытаний)', '2016-10-08 01:17:05', '2016-02-15 06:57:48', 0, 0),
(115, 7, 'P90 | Trigon (Field-Tested)', 1374875263, 'classified', 154, 'P90 | Треугольник (После полевых испытаний)', '2016-10-08 01:19:34', '2016-02-15 06:57:59', 0, -1),
(116, 7, 'Nova | Antique (Field-Tested)', 360490754, 'classified', 201, 'Nova | Антиквариат (После полевых испытаний)', '2016-10-08 01:19:51', '2016-02-15 06:58:25', 0, 0),
(117, 7, 'AK-47 | Redline (Field-Tested)', 361364312, 'classified', 391, 'AK-47 | Красная линия (После полевых испытаний)', '2016-10-08 01:20:40', '2016-02-15 06:58:41', 0, -1),
(118, 7, 'AUG | Chameleon (Field-Tested)', 667887562, 'covert', 93, 'AUG | Хамелеон (После полевых испытаний)', '2016-10-08 01:19:02', '2016-02-15 06:58:53', 0, -1),
(119, 6, 'M249 | System Lock (Field-Tested)', 720288540, 'milspec', 7, 'M249 | Блокировка (После полевых испытаний)', '2016-10-08 01:15:00', '2016-02-15 06:58:54', 0, 0),
(120, 7, 'AWP | Asiimov (Field-Tested)', 393420793, 'covert', 2154, 'AWP | Азимов (После полевых испытаний)', '2016-10-08 01:22:05', '2016-02-15 06:59:02', 0, 0),
(121, 7, '★ Bayonet | Case Hardened (Field-Tested)', 311161707, 'covert', 6915, '★ Штык-нож | Поверхностная закалка (После полевых испытаний)', '2016-10-08 01:24:18', '2016-02-15 06:59:26', 0, 0),
(122, 6, 'Desert Eagle | Naga (Field-Tested)', 720305676, 'restricted', 31, 'Desert Eagle | Нага (После полевых испытаний)', '2016-10-08 01:16:52', '2016-02-15 06:59:26', 0, -1),
(123, 7, '★ Gut Knife | Case Hardened (Field-Tested)', 311587968, 'covert', 4019, '★ Нож с лезвием-крюком | Поверхностная закалка (После полевых испытан', '2016-10-08 01:23:38', '2016-02-15 07:00:45', 0, 0),
(124, 7, '★ Karambit | Case Hardened (Field-Tested)', 310989718, 'covert', 12823, '★ Керамбит | Поверхностная закалка (После полевых испытаний)', '2016-10-08 01:24:38', '2016-02-15 07:01:10', 0, 0),
(125, 6, 'AK-47 | Cartel (Field-Tested)', 822970124, 'classified', 166, 'AK-47 | Картель (После полевых испытаний)', '2016-10-08 01:27:33', '2016-02-15 07:01:55', 0, -1),
(126, 6, 'M4A4 | 龍王 (Dragon King) (Field-Tested)', 1355732880, 'classified', 240, 'M4A4 | 龍王 (Король драконов) (После полевых испытаний)', '2016-10-08 01:19:57', '2016-02-15 07:02:34', 0, 0),
(127, 6, 'P250 | Muertos (Field-Tested)', 1240904300, 'classified', 128, 'P250 | Покойник (После полевых испытаний)', '2016-10-08 01:19:05', '2016-02-15 07:02:35', 0, 0),
(128, 6, 'AWP | Man-o''-war (Field-Tested)', 1208312014, 'covert', 612, 'AWP | Боец (После полевых испытаний)', '2016-10-08 01:21:23', '2016-02-15 07:04:20', 0, 0),
(130, 6, 'Galil AR | Chatterbox (Field-Tested)', 1520752371, 'covert', 803, 'Galil AR | Щелкунчик (После полевых испытаний)', '2016-10-08 01:21:29', '2016-02-15 07:05:15', 0, 0),
(131, 6, '★ Butterfly Knife | Boreal Forest (Field-Tested)', 1444702479, 'covert', 4949, '★ Нож-бабочка | Северный лес (После полевых испытаний)', '2016-10-08 01:23:52', '2016-02-15 07:05:32', 0, 0),
(132, 8, 'UMP-45 | Labyrinth (Field-Tested)', 953333295, 'milspec', 7, 'UMP-45 | Лабиринт (После полевых испытаний)', '2016-10-08 01:15:24', '2016-02-15 07:06:50', 0, 0),
(133, 6, '★ Karambit | Safari Mesh (Field-Tested)', 310970642, 'covert', 7181, '★ Керамбит | Африканская сетка (После полевых испытаний)', '2016-10-08 01:24:11', '2016-02-15 07:07:00', 0, 0),
(135, 6, '★ Flip Knife | Stained (Field-Tested)', 311604815, 'covert', 3712, '★ Складной нож | Патина (После полевых испытаний)', '2016-10-08 01:23:41', '2016-02-15 07:07:02', 0, 0),
(136, 8, 'SSG 08 | Abyss (Field-Tested)', 529897856, 'milspec', 12, 'SSG 08 | Пучина (После полевых испытаний)', '2016-10-08 01:15:39', '2016-02-15 07:07:02', 0, 0),
(137, 8, 'MP7 | Urban Hazard (Field-Tested)', 884339278, 'milspec', 8, 'MP7 | Городская опасность (После полевых испытаний)', '2016-10-08 01:15:08', '2016-02-15 07:07:17', 0, 0),
(138, 8, 'Negev | Desert-Strike (Field-Tested)', 635979455, 'milspec', 7, 'Negev | Пустынная атака (После полевых испытаний)', '2016-10-08 01:15:08', '2016-02-15 07:07:28', 0, 0),
(139, 8, 'P2000 | Ivory (Field-Tested)', 520414232, 'milspec', 6, 'P2000 | Слоновая кость (После полевых испытаний)', '2016-10-08 01:15:10', '2016-02-15 07:07:37', 0, 0),
(140, 8, 'P250 | Supernova (Field-Tested)', 549713060, 'restricted', 22, 'P250 | Сверхновая (После полевых испытаний)', '2016-10-08 01:16:44', '2016-02-15 07:07:45', 0, -1),
(141, 8, 'PP-Bizon | Osiris (Field-Tested)', 671358925, 'restricted', 20, 'ПП-19 Бизон | Осирис (После полевых испытаний)', '2016-10-08 01:16:37', '2016-02-15 07:07:54', 0, 0),
(142, 6, '★ M9 Bayonet | Safari Mesh (Field-Tested)', 311407320, 'covert', 4699, '★ Штык-нож M9 | Африканская сетка (После полевых испытаний)', '2016-10-08 01:23:49', '2016-02-15 07:07:57', 0, 0),
(143, 8, 'Nova | Koi (Field-Tested)', 1462021093, 'restricted', 25, 'Nova | Карп кои (После полевых испытаний)', '2016-10-08 01:16:47', '2016-02-15 07:08:02', 0, 0),
(144, 8, 'CZ75-Auto | Tigris (Field-Tested)', 1506383198, 'restricted', 20, 'CZ75-Auto | Тигр (После полевых испытаний)', '2016-10-08 01:16:42', '2016-02-15 07:08:15', 0, 0),
(145, 8, 'Desert Eagle | Conspiracy (Field-Tested)', 522327149, 'classified', 136, 'Desert Eagle | Заговор (После полевых испытаний)', '2016-10-08 01:19:09', '2016-02-15 07:08:28', 0, 0),
(146, 8, 'Glock-18 | Water Elemental (Field-Tested)', 574785004, 'classified', 192, 'Glock-18 | Дух воды (После полевых испытаний)', '2016-10-08 01:19:46', '2016-02-15 07:08:36', 0, -1),
(147, 8, 'Five-SeveN | Fowl Play (Field-Tested)', 539759175, 'classified', 82, 'Five-SeveN | Птичьи игры (После полевых испытаний)', '2016-10-08 01:18:44', '2016-02-15 07:08:46', 0, 0),
(148, 8, 'P90 | Asiimov (Field-Tested)', 1335608062, 'covert', 333, 'P90 | Азимов (После полевых испытаний)', '2016-10-08 01:20:43', '2016-02-15 07:08:54', 0, 0),
(149, 8, 'M4A1-S | Cyrex (Field-Tested)', 1209608983, 'covert', 534, 'M4A1-S | Сайрекс (После полевых испытаний)', '2016-10-08 01:21:17', '2016-02-15 07:09:03', 0, 0),
(150, 8, '★ Bayonet | Urban Masked (Field-Tested)', 313654971, 'covert', 4170, '★ Штык-нож | Городская маскировка (После полевых испытаний)', '2016-10-08 01:23:48', '2016-02-15 07:09:27', 0, 0),
(151, 8, '★ Flip Knife | Stained (Field-Tested)', 1469386779, 'covert', 3712, '★ Складной нож | Патина (После полевых испытаний)', '2016-10-08 01:23:41', '2016-02-15 07:09:49', 0, 0),
(152, 8, '★ Gut Knife | Safari Mesh (Field-Tested)', 313007698, 'covert', 2560, '★ Нож с лезвием-крюком | Африканская сетка (После полевых испытаний)', '2016-10-08 01:22:12', '2016-02-15 07:10:12', 0, 0),
(153, 8, '★ Karambit | Stained (Field-Tested)', 312317812, 'covert', 11401, '★ Керамбит | Патина (После полевых испытаний)', '2016-10-08 01:24:29', '2016-02-15 07:10:37', 0, 0),
(154, 9, 'Five-SeveN | Urban Hazard (Field-Tested)', 643886790, 'milspec', 30, 'Five-SeveN | Городская опасность (После полевых испытаний)', '2016-10-08 01:17:13', '2016-02-15 07:12:07', 0, 0),
(155, 9, 'G3SG1 | Murky (Field-Tested)', 638242036, 'milspec', 14, 'G3SG1 | Мрак (После полевых испытаний)', '2016-10-08 01:16:20', '2016-02-15 07:12:24', 0, 0),
(156, 10, 'Five-SeveN | Kami (Field-Tested)', 1363723740, 'milspec', 23, 'Five-SeveN | Ками (После полевых испытаний)', '2016-10-08 01:17:06', '2016-02-15 07:12:43', 0, 0),
(157, 9, 'MAG-7 | Firestarter (Field-Tested)', 1229588063, 'milspec', 12, 'MAG-7 | Поджигатель (После полевых испытаний)', '2016-10-08 01:16:02', '2016-02-15 07:12:52', 0, 0),
(158, 10, 'Galil AR | Sandstorm (Field-Tested)', 354236630, 'milspec', 9, 'Galil AR | Песчаная буря (После полевых испытаний)', '2016-10-08 01:15:53', '2016-02-15 07:12:52', 0, 0),
(159, 10, 'M249 | Magma (Field-Tested)', 373639925, 'milspec', 8, 'M249 | Магма (После полевых испытаний)', '2016-10-08 01:15:56', '2016-02-15 07:13:00', 0, 0),
(160, 9, 'MP9 | Dart (Field-Tested)', 1406390659, 'milspec', 14, 'MP9 | Дротик (После полевых испытаний)', '2016-10-08 01:16:20', '2016-02-15 07:13:00', 0, 0),
(161, 9, 'UMP-45 | Delusion (Field-Tested)', 638241303, 'milspec', 12, 'UMP-45 | Заблуждение (После полевых испытаний)', '2016-10-08 01:16:04', '2016-02-15 07:13:11', 0, 0),
(162, 10, 'PP-Bizon | Cobalt Halftone (Field-Tested)', 345185308, 'milspec', 8, 'ПП-19 Бизон | Синие полутона (После полевых испытаний)', '2016-10-08 01:15:54', '2016-02-15 07:13:13', 0, 0),
(163, 10, 'MP9 | Rose Iron (Field-Tested)', 310777493, 'restricted', 102, 'MP9 | Железная роза (После полевых испытаний)', '2016-10-08 01:19:00', '2016-02-15 07:13:22', 0, 0),
(164, 10, 'FAMAS | Pulse (Field-Tested)', 343441171, 'restricted', 78, 'FAMAS | Пульс (После полевых испытаний)', '2016-10-08 01:18:37', '2016-02-15 07:13:34', 0, 0),
(165, 9, 'Glock-18 | Grinder (Field-Tested)', 657154479, 'restricted', 52, 'Glock-18 | Жернов (После полевых испытаний)', '2016-10-08 01:17:45', '2016-02-15 07:13:43', 0, -1),
(166, 10, 'Dual Berettas | Marina (Field-Tested)', 310778059, 'restricted', 68, 'Dual Berettas | Причал (После полевых испытаний)', '2016-10-08 01:18:23', '2016-02-15 07:15:55', 0, 0),
(167, 10, 'Nova | Rising Skull (Field-Tested)', 1387358981, 'restricted', 60, 'Nova | Восходящий череп (После полевых испытаний)', '2016-10-08 01:18:37', '2016-02-15 07:16:34', 0, 0),
(168, 10, 'M4A1-S | Guardian (Field-Tested)', 824252755, 'classified', 344, 'M4A1-S | Страж (После полевых испытаний)', '2016-10-08 01:20:34', '2016-02-15 07:16:44', 0, 0),
(169, 9, 'M4A1-S | Basilisk (Field-Tested)', 1473945743, 'restricted', 105, 'M4A1-S | Василиск (После полевых испытаний)', '2016-10-08 01:18:50', '2016-02-15 07:16:54', 0, 0),
(170, 10, 'AWP | Redline (Field-Tested)', 822868657, 'classified', 598, 'AWP | Красная линия (После полевых испытаний)', '2016-10-08 01:21:18', '2016-02-15 07:16:54', 0, 0),
(171, 10, 'P250 | Mehndi (Field-Tested)', 956810938, 'classified', 254, 'P250 | Роспись (После полевых испытаний)', '2016-10-08 01:20:14', '2016-02-15 07:17:03', 0, 0),
(172, 9, 'M4A4 | Griffin (Field-Tested)', 638275504, 'restricted', 99, 'M4A4 | Грифон (После полевых испытаний)', '2016-10-08 01:18:35', '2016-02-15 07:17:09', 0, 0),
(173, 9, 'Sawed-Off | Highwayman (Field-Tested)', 1387358975, 'restricted', 21, 'Sawed-Off | Разбойник (После полевых испытаний)', '2016-10-08 01:16:55', '2016-02-15 07:17:22', 0, 0),
(174, 10, 'M4A4 | Asiimov (Field-Tested)', 1535964082, 'covert', 2479, 'M4A4 | Азимов (После полевых испытаний)', '2016-10-08 01:22:14', '2016-02-15 07:17:30', 0, 0),
(175, 10, 'Sawed-Off | The Kraken (Field-Tested)', 391121826, 'covert', 208, 'Sawed-Off | Кракен (После полевых испытаний)', '2016-10-08 01:20:10', '2016-02-15 07:17:39', 0, 0),
(176, 10, '★ Bayonet | Case Hardened (Field-Tested)', 311161707, 'covert', 6915, '★ Штык-нож | Поверхностная закалка (После полевых испытаний)', '2016-10-08 01:24:18', '2016-02-15 07:18:03', 0, 0),
(177, 10, '★ Gut Knife | Case Hardened (Field-Tested)', 311587968, 'covert', 4019, '★ Нож с лезвием-крюком | Поверхностная закалка (После полевых испытан', '2016-10-08 01:23:38', '2016-02-15 07:18:27', 0, 0),
(178, 10, '★ Gut Knife | Night (Field-Tested)', 311814110, 'covert', 2791, '★ Нож с лезвием-крюком | Ночь (После полевых испытаний)', '2016-10-08 01:22:23', '2016-02-15 07:19:29', 0, 0),
(179, 10, '★ Karambit | Case Hardened (Field-Tested)', 310989718, 'covert', 12823, '★ Керамбит | Поверхностная закалка (После полевых испытаний)', '2016-10-08 01:24:38', '2016-02-15 07:19:52', 0, 0),
(180, 9, 'P250 | Cartel (Field-Tested)', 760078016, 'classified', 132, 'P250 | Картель (После полевых испытаний)', '2016-10-08 01:19:20', '2016-02-15 07:20:01', 0, 0),
(181, 9, 'SCAR-20 | Cardiac (Field-Tested)', 915328500, 'classified', 122, 'SCAR-20 | Кардио (После полевых испытаний)', '2016-10-08 01:19:21', '2016-02-15 07:20:25', 0, 0),
(182, 9, 'XM1014 | Tranquility (Field-Tested)', 1475164052, 'classified', 145, 'XM1014 | Спокойствие (После полевых испытаний)', '2016-10-08 01:19:17', '2016-02-15 07:20:41', 0, 0),
(183, 9, 'AK-47 | Wasteland Rebel (Field-Tested)', 1474150432, 'covert', 1183, 'AK-47 | Пустынный повстанец (После полевых испытаний)', '2016-10-08 01:21:38', '2016-02-15 07:21:11', 0, 0),
(184, 9, 'P2000 | Fire Elemental (Field-Tested)', 1356424979, 'covert', 363, 'P2000 | Дух огня (После полевых испытаний)', '2016-10-08 01:21:00', '2016-02-15 07:21:38', 0, 0),
(185, 9, '★ Butterfly Knife | Fade (Factory New)', 727070167, 'covert', 15681, '★ Нож-бабочка | Градиент (Прямо с завода)', '2016-10-08 01:24:46', '2016-02-15 07:23:01', 0, 0),
(186, 9, '★ Falchion Knife | Slaughter (Field-Tested)', 1016761162, 'covert', 5613, '★ Фальшион | Убийство (После полевых испытаний)', '2016-10-08 01:24:00', '2016-02-15 07:23:28', 0, 0),
(187, 9, '★ Flip Knife | Marble Fade (Factory New)', 1269054105, 'covert', 13001, '★ Складной нож | Мраморный градиент (Прямо с завода)', '2016-10-08 01:24:35', '2016-02-15 07:24:05', 0, 0),
(188, 9, '★ Flip Knife | Stained (Field-Tested)', 311604815, 'covert', 3712, '★ Складной нож | Патина (После полевых испытаний)', '2016-10-08 01:23:41', '2016-02-15 07:24:18', 0, 0),
(189, 12, 'M4A1-S | Blood Tiger (Field-Tested)', 310777229, 'milspec', 129, 'M4A1-S | Кровавый тигр (После полевых испытаний)', '2016-10-08 01:19:03', '2016-02-15 07:25:02', 0, 0),
(190, 12, 'P250 | Hive (Field-Tested)', 310780171, 'milspec', 45, 'P250 | Улей (После полевых испытаний)', '2016-10-08 01:18:02', '2016-02-15 07:25:11', 0, 0),
(191, 12, 'FAMAS | Hexane (Field-Tested)', 310777284, 'milspec', 42, 'FAMAS | Гексан (После полевых испытаний)', '2016-10-08 01:18:25', '2016-02-15 07:25:19', 0, 0),
(192, 12, 'SCAR-20 | Crimson Web (Field-Tested)', 345586376, 'milspec', 42, 'SCAR-20 | Кровавая паутина (После полевых испытаний)', '2016-10-08 01:18:14', '2016-02-15 07:25:29', 0, 0),
(193, 11, 'CZ75-Auto | Twist (Field-Tested)', 506854993, 'milspec', 8, 'CZ75-Auto | Спираль (После полевых испытаний)', '2016-10-08 01:15:53', '2016-02-15 07:26:06', 0, 0),
(194, 12, 'Tec-9 | Blue Titanium (Factory New)', 1210485108, 'milspec', 62, 'Tec-9 | Синий титан (Прямо с завода)', '2016-10-08 01:18:46', '2016-02-15 07:26:15', 0, 0),
(195, 11, 'Galil AR | Kami (Field-Tested)', 469437423, 'milspec', 8, 'Galil AR | Ками (После полевых испытаний)', '2016-10-08 01:15:48', '2016-02-15 07:26:20', 0, 0),
(196, 12, 'Dual Berettas | Hemoglobin (Field-Tested)', 1497006942, 'restricted', 72, 'Dual Berettas | Гемоглобин (После полевых испытаний)', '2016-10-08 01:18:30', '2016-02-15 07:26:29', 0, -1),
(197, 11, 'P2000 | Pulse (Field-Tested)', 506855399, 'milspec', 9, 'P2000 | Пульс (После полевых испытаний)', '2016-10-08 01:16:03', '2016-02-15 07:26:40', 0, -1),
(198, 12, 'Five-SeveN | Case Hardened (Minimal Wear)', 637599225, 'restricted', 345, 'Five-SeveN | Поверхностная закалка (Немного поношенное)', '2016-10-08 01:20:32', '2016-02-15 07:26:50', 0, 0),
(199, 12, 'MP9 | Hypnotic (Minimal Wear)', 473629799, 'restricted', 220, 'MP9 | Гипнотический (Немного поношенное)', '2016-10-08 01:19:35', '2016-02-15 07:27:02', 0, 0),
(200, 11, 'P90 | Module (Field-Tested)', 506853573, 'milspec', 30, 'P90 | Модуль (После полевых испытаний)', '2016-10-08 01:17:12', '2016-02-15 07:27:09', 0, 0),
(201, 12, 'Nova | Graphite (Minimal Wear)', 564352400, 'restricted', 61, 'Nova | Графит (Немного поношенное)', '2016-10-08 01:18:28', '2016-02-15 07:27:14', 0, 0),
(202, 12, 'USP-S | Serum (Field-Tested)', 1501097933, 'classified', 400, 'USP-S | Сыворотка (После полевых испытаний)', '2016-10-08 01:20:32', '2016-02-15 07:27:24', 0, 0),
(203, 11, 'SSG 08 | Slashed (Field-Tested)', 470877442, 'milspec', 17, 'SSG 08 | Когти (После полевых испытаний)', '2016-10-08 01:16:07', '2016-02-15 07:27:28', 0, 0),
(204, 12, 'P90 | Cold Blooded (Minimal Wear)', 310778219, 'classified', 323, 'P90 | Хладнокровный (Немного поношенное)', '2016-10-08 01:20:30', '2016-02-15 07:27:39', 0, 0),
(205, 11, 'Tec-9 | Isaac (Field-Tested)', 469443695, 'milspec', 27, 'Tec-9 | Айзек (После полевых испытаний)', '2016-10-08 01:17:07', '2016-02-15 07:27:46', 0, 0),
(206, 12, 'SSG 08 | Blood in the Water (Minimal Wear)', 1336558681, 'covert', 1673, 'SSG 08 | Кровь в воде (Немного поношенное)', '2016-10-08 01:21:54', '2016-02-15 07:27:48', 0, 0),
(207, 12, '★ Bayonet | Urban Masked (Well-Worn)', 313484981, 'covert', 4257, '★ Штык-нож | Городская маскировка (Поношенное)', '2016-10-08 01:23:46', '2016-02-15 07:28:02', 0, 0),
(208, 11, 'AUG | Torque (Field-Tested)', 476045030, 'restricted', 41, 'AUG | Закрученный (После полевых испытаний)', '2016-10-08 01:17:33', '2016-02-15 07:28:08', 0, -1),
(209, 12, '★ Falchion Knife | Boreal Forest (Field-Tested)', 1338436011, 'covert', 2776, '★ Фальшион | Северный лес (После полевых испытаний)', '2016-10-08 01:22:18', '2016-02-15 07:28:16', 0, 0),
(210, 12, '★ Flip Knife | Tiger Tooth (Minimal Wear)', 735107857, 'covert', 11205, '★ Складной нож | Зуб тигра (Немного поношенное)', '2016-10-08 01:24:31', '2016-02-15 07:28:39', 0, 0),
(211, 11, 'MAC-10 | Tatter (Field-Tested)', 506854711, 'restricted', 41, 'MAC-10 | Клочья (После полевых испытаний)', '2016-10-08 01:17:42', '2016-02-15 07:28:47', 0, 0),
(212, 11, 'PP-Bizon | Antique (Field-Tested)', 469448826, 'restricted', 39, 'ПП-19 Бизон | Антиквариат (После полевых испытаний)', '2016-10-08 01:17:33', '2016-02-15 07:29:05', 0, 0),
(213, 11, 'XM1014 | Heaven Guard (Field-Tested)', 469442485, 'restricted', 40, 'XM1014 | Райский страж (После полевых испытаний)', '2016-10-08 01:17:38', '2016-02-15 07:29:20', 0, 0),
(214, 9, 'M4A1-S | Atomic Alloy (Field-Tested)', 469444831, 'classified', 208, 'M4A1-S | Атомный сплав (После полевых испытаний)', '2016-10-08 01:19:59', '2016-02-15 07:33:10', 0, 0),
(215, 9, 'SCAR-20 | Cyrex (Field-Tested)', 481198935, 'classified', 179, 'SCAR-20 | Сайрекс (После полевых испытаний)', '2016-10-08 01:19:48', '2016-02-15 07:34:15', 0, 0),
(216, 14, 'M4A4 | Modern Hunter (Field-Tested)', 310781681, 'restricted', 385, 'M4A4 | Современный охотник (После полевых испытаний)', '2016-10-08 01:20:37', '2016-02-15 07:34:47', 0, 0),
(217, 9, 'USP-S | Caiman (Field-Tested)', 656265508, 'classified', 262, 'USP-S | Кайман (После полевых испытаний)', '2016-10-08 01:20:08', '2016-02-15 07:34:56', 0, 0),
(218, 14, 'AK-47 | Blue Laminate (Field-Tested)', 1459248696, 'restricted', 166, 'AK-47 | Синий глянец (После полевых испытаний)', '2016-10-08 01:19:12', '2016-02-15 07:34:57', 0, 0),
(219, 14, 'AUG | Torque (Field-Tested)', 469461401, 'restricted', 41, 'AUG | Закрученный (После полевых испытаний)', '2016-10-08 01:17:33', '2016-02-15 07:35:09', 0, -1),
(220, 9, 'AK-47 | Vulcan (Field-Tested)', 1444925794, 'covert', 1486, 'AK-47 | Вулкан (После полевых испытаний)', '2016-10-08 01:21:53', '2016-02-15 07:35:13', 0, 0),
(221, 14, 'AWP | Pink DDPAT (Field-Tested)', 519987130, 'restricted', 762, 'AWP | Пиксельный камуфляж «Розовый» (После полевых испытаний)', '2016-10-08 01:21:31', '2016-02-15 07:35:19', 0, 0),
(222, 14, 'AWP | Worm God (Field-Tested)', 1209595083, 'restricted', 56, 'AWP | Бог червей (После полевых испытаний)', '2016-10-08 01:18:20', '2016-02-15 07:35:28', 0, -1),
(223, 9, 'M4A4 | Desert-Strike (Field-Tested)', 1354896914, 'covert', 142, 'M4A4 | Пустынная атака (После полевых испытаний)', '2016-10-08 01:19:27', '2016-02-15 07:35:43', 0, 0),
(224, 14, 'CZ75-Auto | Pole Position (Field-Tested)', 1514363490, 'restricted', 18, 'CZ75-Auto | Поул-позиция (После полевых испытаний)', '2016-10-08 01:16:37', '2016-02-15 07:35:45', 0, 0),
(225, 9, '★ Huntsman Knife | Night (Field-Tested)', 470031630, 'covert', 4431, '★ Охотничий нож | Ночь (После полевых испытаний)', '2016-10-08 01:23:50', '2016-02-15 07:36:04', 0, 0),
(226, 14, 'Desert Eagle | Blaze (Minimal Wear)', 1504022362, 'restricted', 3747, 'Desert Eagle | Пламя (Немного поношенное)', '2016-10-08 01:22:09', '2016-02-15 07:36:14', 0, 0),
(227, 14, 'Desert Eagle | Crimson Web (Field-Tested)', 616645150, 'restricted', 76, 'Desert Eagle | Кровавая паутина (После полевых испытаний)', '2016-10-08 01:18:09', '2016-02-15 07:36:24', 0, 0),
(228, 14, 'Desert Eagle | Hand Cannon (Factory New)', 1509726454, 'restricted', 2088, 'Desert Eagle | Пищаль (Прямо с завода)', '2016-10-08 01:21:55', '2016-02-15 07:36:36', 0, 0),
(229, 14, 'Desert Eagle | Heirloom (Field-Tested)', 350511909, 'restricted', 50, 'Desert Eagle | Наследие (После полевых испытаний)', '2016-10-08 01:18:03', '2016-02-15 07:36:46', 0, 0),
(230, 9, '★ Huntsman Knife | Slaughter (Field-Tested)', 473719988, 'covert', 7880, '★ Охотничий нож | Убийство (После полевых испытаний)', '2016-10-08 01:24:23', '2016-02-15 07:36:51', 0, 0),
(231, 14, 'Desert Eagle | Naga (Field-Tested)', 1457999979, 'restricted', 31, 'Desert Eagle | Нага (После полевых испытаний)', '2016-10-08 01:16:52', '2016-02-15 07:37:10', 0, -1),
(232, 14, 'Desert Eagle | Sunset Storm 壱 (Factory New)', 992188553, 'restricted', 1180, 'Desert Eagle | Буря на закате 壱 (Прямо с завода)', '2016-10-08 01:21:39', '2016-02-15 07:37:23', 0, 0),
(233, 9, '★ StatTrak™ Karambit | Safari Mesh (Field-Tested)', 322189131, 'covert', 8712, '★ StatTrak™ Керамбит | Африканская сетка (После полевых испытаний)', '2016-10-08 01:24:23', '2016-02-15 07:37:34', 0, 0),
(234, 14, 'Dual Berettas | Hemoglobin (Field-Tested)', 1497006942, 'restricted', 72, 'Dual Berettas | Гемоглобин (После полевых испытаний)', '2016-10-08 01:18:30', '2016-02-15 07:38:36', 0, -1),
(235, 14, 'Dual Berettas | Marina (Field-Tested)', 310778059, 'restricted', 68, 'Dual Berettas | Причал (После полевых испытаний)', '2016-10-08 01:18:23', '2016-02-15 07:38:45', 0, 0),
(236, 14, 'Dual Berettas | Urban Shock (Field-Tested)', 1393913670, 'restricted', 26, 'Dual Berettas | Городской шок (После полевых испытаний)', '2016-10-08 01:16:55', '2016-02-15 07:39:05', 0, 0),
(237, 14, 'FAMAS | Neural Net (Field-Tested)', 1375026982, 'restricted', 19, 'FAMAS | Нейронная сеть (После полевых испытаний)', '2016-10-08 01:16:34', '2016-02-15 07:39:13', 0, 0),
(238, 14, 'FAMAS | Pulse (Field-Tested)', 343441171, 'restricted', 78, 'FAMAS | Пульс (После полевых испытаний)', '2016-10-08 01:18:37', '2016-02-15 07:39:21', 0, 0),
(239, 14, 'FAMAS | Sergeant (Field-Tested)', 360466399, 'restricted', 27, 'FAMAS | Сержант (После полевых испытаний)', '2016-10-08 01:17:05', '2016-02-15 07:39:31', 0, 0),
(240, 14, 'FAMAS | Styx (Field-Tested)', 575627937, 'restricted', 64, 'FAMAS | Стикс (После полевых испытаний)', '2016-10-08 01:18:27', '2016-02-15 07:39:43', 0, 0),
(241, 14, 'Five-SeveN | Case Hardened (Field-Tested)', 310776730, 'restricted', 209, 'Five-SeveN | Поверхностная закалка (После полевых испытаний)', '2016-10-08 01:19:55', '2016-02-15 07:39:55', 0, 0);
INSERT INTO `items` (`id`, `case_id`, `market_hash_name`, `classid`, `type`, `price`, `market_name`, `updated_at`, `created_at`, `status`, `counts`) VALUES
(243, 14, 'Five-SeveN | Copper Galaxy (Minimal Wear)', 350508931, 'restricted', 93, 'Five-SeveN | Медная галактика (Немного поношенное)', '2016-10-08 01:18:54', '2016-02-15 07:40:36', 0, 0),
(244, 14, 'Galil AR | Cerberus (Field-Tested)', 575571222, 'restricted', 170, 'Galil AR | Цербер (После полевых испытаний)', '2016-10-08 01:19:54', '2016-02-15 07:40:52', 0, 0),
(245, 14, 'Galil AR | Orange DDPAT (Field-Tested)', 310776829, 'restricted', 167, 'Galil AR | Пиксельный камуфляж «Ржавчина» (После полевых испытаний)', '2016-10-08 01:19:39', '2016-02-15 07:41:09', 0, 0),
(246, 14, 'Galil AR | Stone Cold (Field-Tested)', 1436493883, 'restricted', 31, 'Galil AR | Невозмутимость (После полевых испытаний)', '2016-10-08 01:17:18', '2016-02-15 07:41:25', 0, 0),
(247, 14, 'Glock-18 | Brass (Field-Tested)', 310780932, 'restricted', 125, 'Glock-18 | Латунь (После полевых испытаний)', '2016-10-08 01:18:57', '2016-02-15 07:41:34', 0, 0),
(248, 14, 'Glock-18 | Brass (Field-Tested)', 310780932, 'restricted', 125, 'Glock-18 | Латунь (После полевых испытаний)', '2016-10-08 01:18:57', '2016-02-15 07:41:34', 0, 0),
(249, 14, 'Glock-18 | Dragon Tattoo (Minimal Wear)', 310779944, 'restricted', 564, 'Glock-18 | Татуировка дракона (Немного поношенное)', '2016-10-08 01:20:51', '2016-02-15 07:41:53', 0, 0),
(250, 14, 'Glock-18 | Fade (Factory New)', 310781313, 'restricted', 18977, 'Glock-18 | Градиент (Прямо с завода)', '2016-10-08 01:24:44', '2016-02-15 07:42:07', 0, 0),
(251, 14, 'Glock-18 | Grinder (Field-Tested)', 646645213, 'restricted', 52, 'Glock-18 | Жернов (После полевых испытаний)', '2016-10-08 01:17:45', '2016-02-15 07:42:42', 0, -1),
(252, 14, 'Glock-18 | Steel Disruption (Field-Tested)', 551039178, 'restricted', 65, 'Glock-18 | Ржавая сталь (После полевых испытаний)', '2016-10-08 01:18:32', '2016-02-15 07:43:01', 0, 0),
(253, 14, 'M249 | Nebula Crusader (Field-Tested)', 1310007376, 'restricted', 31, 'M249 | Космический воитель (После полевых испытаний)', '2016-10-08 01:17:19', '2016-02-15 07:43:18', 0, 0),
(254, 14, 'M4A1-S | Basilisk (Field-Tested)', 1473945743, 'restricted', 105, 'M4A1-S | Василиск (После полевых испытаний)', '2016-10-08 01:18:50', '2016-02-15 07:43:33', 0, 0),
(255, 14, 'M4A1-S | Bright Water (Minimal Wear)', 310776977, 'restricted', 320, 'M4A1-S | Чистая вода (Немного поношенное)', '2016-10-08 01:20:14', '2016-02-15 07:43:42', 0, -1),
(256, 14, 'M4A1-S | Dark Water (Minimal Wear)', 310776507, 'restricted', 500, 'M4A1-S | Темная вода (Немного поношенное)', '2016-10-08 01:20:42', '2016-02-15 07:43:51', 0, 0),
(257, 14, 'M4A1-S | Icarus Fell (Factory New)', 992128244, 'restricted', 4036, 'M4A1-S | Падение Икара (Прямо с завода)', '2016-10-08 01:23:58', '2016-02-15 07:44:02', 0, 0),
(258, 14, 'M4A1-S | Nitro (Field-Tested)', 310778280, 'restricted', 87, 'M4A1-S | Нитро (После полевых испытаний)', '2016-10-08 01:18:49', '2016-02-15 07:44:11', 0, 0),
(259, 14, 'M4A4 | Evil Daimyo (Minimal Wear)', 1354835450, 'restricted', 110, 'M4A4 | Злобный дайме (Немного поношенное)', '2016-10-08 01:18:44', '2016-02-15 07:44:19', 0, -1),
(260, 14, 'M4A4 | Griffin (Minimal Wear)', 647473024, 'restricted', 137, 'M4A4 | Грифон (Немного поношенное)', '2016-10-08 01:18:58', '2016-02-15 07:44:28', 0, 0),
(261, 14, 'AK-47 | First Class (Minimal Wear)', 1353498713, 'restricted', 919, 'AK-47 | Первый класс (Немного поношенное)', '2016-10-08 01:21:24', '2016-02-15 07:44:38', 0, 0),
(262, 14, 'M4A4 | Zirka (Minimal Wear)', 310776637, 'restricted', 313, 'M4A4 | Зірка (Немного поношенное)', '2016-10-08 01:20:02', '2016-02-15 07:44:49', 0, 0),
(263, 14, 'MAC-10 | Graven (Field-Tested)', 310778084, 'restricted', 260, 'MAC-10 | Гравировка (После полевых испытаний)', '2016-10-08 01:20:06', '2016-02-15 07:44:58', 0, 0),
(264, 14, 'MAC-10 | Heat (Field-Tested)', 360458273, 'restricted', 28, 'MAC-10 | Жар (После полевых испытаний)', '2016-10-08 01:17:12', '2016-02-15 07:45:06', 0, -1),
(265, 14, 'MAC-10 | Malachite (Field-Tested)', 889890209, 'restricted', 27, 'MAC-10 | Малахит (После полевых испытаний)', '2016-10-08 01:16:56', '2016-02-15 07:45:15', 0, 0),
(267, 14, 'MAC-10 | Tatter (Minimal Wear)', 506856446, 'restricted', 48, 'MAC-10 | Клочья (Немного поношенное)', '2016-10-08 01:18:07', '2016-02-15 07:45:53', 0, 0),
(268, 14, 'MAG-7 | Heat (Minimal Wear)', 1220339762, 'restricted', 22, 'MAG-7 | Жар (Немного поношенное)', '2016-10-08 01:16:58', '2016-02-15 07:46:06', 0, 0),
(269, 14, 'MP7 | Ocean Foam (Factory New)', 527644929, 'restricted', 79, 'MP7 | Океанская пена (Прямо с завода)', '2016-10-08 01:18:55', '2016-02-15 07:46:20', 0, -1),
(270, 14, 'MP7 | Special Delivery (Field-Tested)', 1374270778, 'restricted', 31, 'MP7 | Особая доставка (После полевых испытаний)', '2016-10-08 01:17:19', '2016-02-15 07:46:33', 0, 0),
(271, 14, 'MP9 | Hypnotic (Minimal Wear)', 473629799, 'restricted', 220, 'MP9 | Гипнотический (Немного поношенное)', '2016-10-08 01:19:35', '2016-02-15 07:48:22', 0, 0),
(272, 14, 'MP9 | Rose Iron (Field-Tested)', 310777493, 'restricted', 102, 'MP9 | Железная роза (После полевых испытаний)', '2016-10-08 01:19:00', '2016-02-15 07:48:31', 0, 0),
(273, 14, 'MP9 | Ruby Poison Dart (Field-Tested)', 1243070249, 'restricted', 20, 'MP9 | Рубиновый ядовитый дротик (После полевых испытаний)', '2016-10-08 01:16:43', '2016-02-15 07:48:39', 0, 0),
(274, 14, 'Negev | Loudmouth (Field-Tested)', 1011934914, 'restricted', 18, 'Negev | Болтун (После полевых испытаний)', '2016-10-08 01:16:34', '2016-02-15 07:49:21', 0, 0),
(275, 14, 'Nova | Graphite (Minimal Wear)', 564352400, 'restricted', 61, 'Nova | Графит (Немного поношенное)', '2016-10-08 01:18:28', '2016-02-15 07:49:30', 0, 0),
(276, 14, 'Nova | Koi (Field-Tested)', 1462021093, 'restricted', 25, 'Nova | Карп кои (После полевых испытаний)', '2016-10-08 01:16:47', '2016-02-15 07:49:41', 0, 0),
(277, 14, 'Nova | Rising Skull (Minimal Wear)', 310778278, 'restricted', 76, 'Nova | Восходящий череп (Немного поношенное)', '2016-10-08 01:18:39', '2016-02-15 07:49:52', 0, 0),
(278, 14, 'P2000 | Handgun (Field-Tested)', 1402381893, 'restricted', 20, 'P2000 | Пистолет (После полевых испытаний)', '2016-10-08 01:16:44', '2016-02-15 07:50:02', 0, -1),
(279, 13, 'Desert Eagle | Bronze Deco (Field-Tested)', 1428606065, 'milspec', 8, 'Desert Eagle | Бронзовая декорация', '2016-10-08 01:15:26', '2016-02-15 07:51:36', 0, -1),
(280, 13, 'CZ75-Auto | Twist (Field-Tested)', 506854993, 'milspec', 8, 'CZ75-Auto | Спираль', '2016-10-08 01:15:53', '2016-02-15 07:51:49', 0, 0),
(281, 13, 'CZ75-Auto | Hexane (Field-Tested)', 527638555, 'milspec', 12, 'CZ75-Auto | Гексан (После полевых испытаний)', '2016-10-08 01:16:24', '2016-02-15 07:52:05', 0, 0),
(282, 13, 'CZ75-Auto | Crimson Web (Field-Tested)', 350472176, 'milspec', 15, 'CZ75-Auto | Кровавая паутина (После полевых испытаний)', '2016-10-08 01:16:31', '2016-02-15 07:52:18', 0, 0),
(283, 14, 'P250 | Splash (Field-Tested)', 310779213, 'restricted', 258, 'P250 | Пятно (После полевых испытаний)', '2016-10-08 01:19:42', '2016-02-15 07:54:34', 0, 0),
(284, 14, 'P250 | Supernova (Field-Tested)', 520027659, 'restricted', 22, 'P250 | Сверхновая (После полевых испытаний)', '2016-10-08 01:16:44', '2016-02-15 07:54:42', 0, -1),
(285, 14, 'P250 | Wingshot (Field-Tested)', 1309994951, 'restricted', 32, 'P250 | Охотник (После полевых испытаний)', '2016-10-08 01:17:22', '2016-02-15 07:54:51', 0, 0),
(286, 14, 'P90 | Blind Spot (Field-Tested)', 310777547, 'restricted', 54, 'P90 | Слепое пятно (После полевых испытаний)', '2016-10-08 01:18:17', '2016-02-15 07:55:04', 0, 0),
(287, 14, 'P90 | Virus (Field-Tested)', 527638387, 'restricted', 28, 'P90 | Вирус (После полевых испытаний)', '2016-10-08 01:17:31', '2016-02-15 07:55:12', 0, 0),
(288, 14, 'PP-Bizon | Antique (Field-Tested)', 469448826, 'restricted', 39, 'ПП-19 Бизон | Антиквариат (После полевых испытаний)', '2016-10-08 01:17:33', '2016-02-15 07:55:20', 0, 0),
(289, 14, 'PP-Bizon | Blue Streak (Field-Tested)', 527647882, 'restricted', 28, 'ПП-19 Бизон | Синяя струя (После полевых испытаний)', '2016-10-08 01:17:24', '2016-02-15 07:55:32', 0, 0),
(293, 13, 'AWP | Snake Camo (Field-Tested)', 1045081763, 'milspec', 333, 'AWP | Змеиная кожа (После полевых испытаний)', '2016-10-08 01:20:16', '2016-02-15 07:57:29', 0, 0),
(294, 14, 'PP-Bizon | Osiris (Field-Tested)', 520026215, 'restricted', 20, 'ПП-19 Бизон | Осирис', '2016-10-08 01:16:37', '2016-02-15 07:57:54', 0, 0),
(295, 11, 'AUG | Wings (Minimal Wear)', 661617432, 'milspec', 69, 'AUG | Крылья (Немного поношенное)', '2016-10-08 01:18:24', '2016-02-15 07:57:54', 0, 0),
(296, 14, 'SCAR-20 | Emerald (Minimal Wear)', 310890888, 'restricted', 595, 'SCAR-20 | Изумруд (Немного поношенное)', '2016-10-08 01:20:49', '2016-02-15 07:59:23', 0, 0),
(297, 11, 'AUG | Anodized Navy (Factory New)', 310776678, 'milspec', 494, 'AUG | Анодированная синева (Прямо с завода)', '2016-10-08 01:21:01', '2016-02-15 07:59:41', 0, 0),
(298, 11, 'AK-47 | Elite Build (Field-Tested)', 1208901265, 'milspec', 37, 'AK-47 | Элитное снаряжение (После полевых испытаний)', '2016-10-08 01:16:52', '2016-02-15 07:59:57', 0, -1),
(299, 14, 'SG 553 | Bulldozer (Field-Tested)', 992119265, 'restricted', 484, 'SG 553 | Бульдозер (После полевых испытаний)', '2016-10-08 01:20:58', '2016-02-15 08:01:27', 0, 0),
(300, 14, 'SG 553 | Pulse (Field-Tested)', 360465952, 'restricted', 28, 'SG 553 | Пульс (После полевых испытаний)', '2016-10-08 01:17:05', '2016-02-15 08:01:37', 0, 0),
(301, 14, 'Sawed-Off | Highwayman (Minimal Wear)', 638241767, 'restricted', 28, 'Sawed-Off | Разбойник (Немного поношенное)', '2016-10-08 01:17:20', '2016-02-15 08:01:50', 0, 0),
(302, 14, 'Sawed-Off | Orange DDPAT (Field-Tested)', 310777207, 'restricted', 157, 'Sawed-Off | Пиксельный камуфляж «Ржавчина» (После полевых испытаний)', '2016-10-08 01:19:33', '2016-02-15 08:02:01', 0, 0),
(303, 14, 'Sawed-Off | Serenity (Field-Tested)', 1259764514, 'restricted', 27, 'Sawed-Off | Безмятежность (После полевых испытаний)', '2016-10-08 01:17:01', '2016-02-15 08:02:19', 0, -1),
(304, 14, 'Tec-9 | Nuclear Threat (Field-Tested)', 310781070, 'restricted', 903, 'Tec-9 | Ядерная угроза (После полевых испытаний)', '2016-10-08 01:21:42', '2016-02-15 08:02:28', 0, 0),
(305, 14, 'Tec-9 | Titanium Bit (Minimal Wear)', 1239658852, 'restricted', 42, 'Tec-9 | Частица титана (Немного поношенное)', '2016-10-08 01:18:16', '2016-02-15 08:02:42', 0, 0),
(306, 14, 'UMP-45 | Grand Prix (Field-Tested)', 1243778559, 'restricted', 18, 'UMP-45 | Гран-при (После полевых испытаний)', '2016-10-08 01:16:28', '2016-02-15 08:02:54', 0, 0),
(307, 14, 'USP-S | Dark Water (Field-Tested)', 310780210, 'restricted', 464, 'USP-S | Темная вода (После полевых испытаний)', '2016-10-08 01:20:38', '2016-02-15 08:03:03', 0, 0),
(308, 13, 'AK-47 | Black Laminate (Field-Tested)', 1520173976, 'milspec', 497, 'AK-47 | Черный глянец (После полевых испытаний)', '2016-10-08 01:20:44', '2016-02-15 08:03:14', 0, 0),
(309, 14, 'USP-S | Guardian (Field-Tested)', 360466315, 'restricted', 54, 'USP-S | Страж (После полевых испытаний)', '2016-10-08 01:17:26', '2016-02-15 08:03:16', 0, -1),
(310, 14, 'USP-S | Overgrowth (Field-Tested)', 310776521, 'restricted', 307, 'USP-S | Камуфляж (После полевых испытаний)', '2016-10-08 01:20:12', '2016-02-15 08:03:29', 0, 0),
(311, 14, 'USP-S | Road Rash (Field-Tested)', 519995929, 'restricted', 550, 'USP-S | Следы асфальта (После полевых испытаний)', '2016-10-08 01:21:14', '2016-02-15 08:03:37', 0, 0),
(312, 14, 'XM1014 | Heaven Guard (Field-Tested)', 469442485, 'restricted', 40, 'XM1014 | Райский страж (После полевых испытаний)', '2016-10-08 01:17:38', '2016-02-15 08:03:47', 0, 0),
(313, 16, 'M4A1-S | Cyrex (Field-Tested)', 520029997, 'covert', 534, 'M4A1-S | Сайрекс (После полевых испытаний)', '2016-10-08 01:21:17', '2016-02-15 08:06:14', 0, 0),
(314, 16, 'AK-47 | Aquamarine Revenge (Field-Tested)', 1208231863, 'covert', 1024, 'AK-47 | Аквамариновая месть (После полевых испытаний)', '2016-10-08 01:21:45', '2016-02-15 08:06:24', 0, 0),
(315, 16, 'AK-47 | Jaguar (Field-Tested)', 527704154, 'covert', 720, 'AK-47 | Ягуар (После полевых испытаний)', '2016-10-08 01:21:26', '2016-02-15 08:06:33', 0, 0),
(316, 16, 'AK-47 | Vulcan (Field-Tested)', 469523518, 'covert', 1486, 'AK-47 | Вулкан (После полевых испытаний)', '2016-10-08 01:21:53', '2016-02-15 08:06:41', 0, 0),
(317, 16, 'AK-47 | Wasteland Rebel (Field-Tested)', 638243898, 'covert', 1183, 'AK-47 | Пустынный повстанец (После полевых испытаний)', '2016-10-08 01:21:38', '2016-02-15 08:06:53', 0, 0),
(318, 16, 'AUG | Akihabara Accept (Field-Tested)', 1214281890, 'covert', 4896, 'AUG | Акихабара (После полевых испытаний)', '2016-10-08 01:23:48', '2016-02-15 08:07:44', 0, 0),
(319, 16, 'AUG | Chameleon (Field-Tested)', 360475142, 'covert', 93, 'AUG | Хамелеон', '2016-10-08 01:19:02', '2016-02-15 08:07:57', 0, -1),
(320, 16, 'AWP | Asiimov (Field-Tested)', 360479494, 'covert', 2154, 'AWP | Азимов (После полевых испытаний)', '2016-10-08 01:22:05', '2016-02-15 08:08:07', 0, 0),
(321, 16, 'Sawed-Off | The Kraken (Field-Tested)', 310777078, 'covert', 208, 'Sawed-Off | Кракен (После полевых испытаний)', '2016-10-08 01:20:10', '2016-02-15 08:08:20', 0, 0),
(322, 16, 'AWP | Hyper Beast (Field-Tested)', 1011935077, 'covert', 1432, 'AWP | Скоростной зверь (После полевых испытаний)', '2016-10-08 01:21:57', '2016-02-15 08:08:29', 0, 0),
(323, 16, 'AWP | Lightning Strike (Factory New)', 1208318999, 'covert', 3688, 'AWP | Удар молнии (Прямо с завода)', '2016-10-08 01:22:21', '2016-02-15 08:08:46', 0, 0),
(324, 16, 'AWP | Man-o''-war (Minimal Wear)', 1354140096, 'covert', 638, 'AWP | Боец (Немного поношенное)', '2016-10-08 01:21:21', '2016-02-15 08:09:02', 0, 0),
(325, 16, 'SSG 08 | Blood in the Water (Minimal Wear)', 310776630, 'covert', 1673, 'SSG 08 | Кровь в воде (Немного поношенное)', '2016-10-08 01:21:54', '2016-02-15 08:09:21', 0, 0),
(326, 16, 'CZ75-Auto | Victoria (Field-Tested)', 350514676, 'covert', 210, 'CZ75-Auto | Виктория (После полевых испытаний)', '2016-10-08 01:20:22', '2016-02-15 08:09:30', 0, 0),
(327, 16, 'Desert Eagle | Golden Koi (Factory New)', 310780956, 'covert', 817, 'Desert Eagle | Золотой карп (Прямо с завода)', '2016-10-08 01:21:27', '2016-02-15 08:09:45', 0, 0),
(328, 13, 'Five-SeveN | Nitro (Field-Tested)', 992148417, 'milspec', 64, 'Five-SeveN | Нитро (После полевых испытаний)', '2016-10-08 01:18:11', '2016-02-15 08:09:55', 0, 0),
(329, 16, 'Galil AR | Chatterbox (Battle-Scarred)', 728395857, 'covert', 117, 'Galil AR | Щелкунчик (Закаленное в боях)', '2016-10-08 01:19:05', '2016-02-15 08:09:59', 0, 0),
(330, 16, 'AK-47 | Fire Serpent (Factory New)', 1230623892, 'covert', 29812, 'AK-47 | Огненный змей (Прямо с завода)', '2016-10-08 01:24:52', '2016-02-15 08:10:13', 0, 0),
(331, 13, 'Five-SeveN | Nightshade (Field-Tested)', 310776889, 'milspec', 17, 'Five-SeveN | Паслен (После полевых испытаний)', '2016-10-08 01:16:39', '2016-02-15 08:10:19', 0, 0),
(332, 16, 'M4A1-S | Golden Coil (Well-Worn)', 1523218670, 'covert', 903, 'M4A1-S | Золотая спираль (Поношенное)', '2016-10-08 01:21:45', '2016-02-15 08:10:25', 0, 0),
(333, 16, 'M4A1-S | Hyper Beast (Battle-Scarred)', 937277640, 'covert', 521, 'M4A1-S | Скоростной зверь (Закаленное в боях)', '2016-10-08 01:21:07', '2016-02-15 08:10:34', 0, 0),
(334, 13, 'Five-SeveN | Kami (Field-Tested)', 310776883, 'milspec', 23, 'Five-SeveN | Ками (После полевых испытаний)', '2016-10-08 01:17:06', '2016-02-15 08:10:38', 0, 0),
(335, 13, 'FAMAS | Survivor Z (Field-Tested)', 1372612461, 'milspec', 8, 'FAMAS | Выживший', '2016-10-08 01:15:36', '2016-02-15 08:10:50', 0, -1),
(336, 16, 'M4A4 | Asiimov (Battle-Scarred)', 310779511, 'covert', 929, 'M4A4 | Азимов (Закаленное в боях)', '2016-10-08 01:21:36', '2016-02-15 08:10:52', 0, 0),
(337, 13, 'FAMAS | Hexane (Field-Tested)', 310777284, 'milspec', 42, 'FAMAS | Гексан (После полевых испытаний)', '2016-10-08 01:18:25', '2016-02-15 08:11:02', 0, 0),
(338, 16, 'M4A4 | Bullet Rain (Field-Tested)', 527712977, 'covert', 373, 'M4A4 | Дождь из пуль (После полевых испытаний)', '2016-10-08 01:20:48', '2016-02-15 08:11:09', 0, -1),
(339, 13, 'FAMAS | Doomkitty (Field-Tested)', 310776927, 'milspec', 46, 'FAMAS | Смертенок (После полевых испытаний)', '2016-10-08 01:17:55', '2016-02-15 08:11:15', 0, 0),
(340, 16, 'M4A4 | Desert-Strike (Field-Tested)', 506865564, 'covert', 142, 'M4A4 | Пустынная атака (После полевых испытаний)', '2016-10-08 01:19:27', '2016-02-15 08:11:17', 0, 0),
(341, 16, 'M4A4 | Royal Paladin (Battle-Scarred)', 1448151255, 'covert', 330, 'M4A4 | Преданный паладин (Закаленное в боях)', '2016-10-08 01:20:55', '2016-02-15 08:11:27', 0, -1),
(342, 16, 'M4A4 | X-Ray (Field-Tested)', 310779194, 'covert', 322, 'M4A4 | Рентген (После полевых испытаний)', '2016-10-08 01:20:24', '2016-02-15 08:11:34', 0, 0),
(343, 16, 'MAC-10 | Neon Rider (Well-Worn)', 937606450, 'covert', 149, 'MAC-10 | Неоновый гонщик (Поношенное)', '2016-10-08 01:19:24', '2016-02-15 08:11:41', 0, 0),
(344, 16, 'P2000 | Fire Elemental (Field-Tested)', 638243987, 'covert', 363, 'P2000 | Огненный элементаль (После полевых испытаний)', '2016-10-08 01:21:00', '2016-02-15 08:11:49', 0, 0),
(345, 16, 'P90 | Asiimov (Battle-Scarred)', 520030247, 'covert', 213, 'P90 | Азимов (Закаленное в боях)', '2016-10-08 01:20:03', '2016-02-15 08:12:01', 0, 0),
(346, 16, 'P90 | Death by Kitty (Field-Tested)', 310779768, 'covert', 1279, 'P90 | Смертоносные кошечки (После полевых испытаний)', '2016-10-08 01:21:49', '2016-02-15 08:12:11', 0, 0),
(347, 16, 'R8 Revolver | Fade (Field-Tested)', 1440510663, 'covert', 150, 'Револьвер R8 | Градиент (После полевых испытаний)', '2016-10-08 01:19:52', '2016-02-15 08:12:45', 0, 0),
(348, 16, 'USP-S | Kill Confirmed (Battle-Scarred)', 1419966169, 'covert', 1302, 'USP-S | Подтвержденное убийство (Закаленное в боях)', '2016-10-08 01:21:43', '2016-02-15 08:12:53', 0, 0),
(349, 16, 'AWP | Medusa (Minimal Wear)', 1431990195, 'covert', 30355, 'AWP | Медуза (Немного поношенное)', '2016-10-08 01:24:51', '2016-02-15 08:13:08', 0, 0),
(350, 16, 'AWP | Dragon Lore (Factory New)', 1453061493, 'covert', 30655, 'AWP | История о драконе (Прямо с завода)', '2016-10-08 01:24:53', '2016-02-15 08:13:19', 0, 0),
(351, 13, 'Dual Berettas | Panther (Field-Tested)', 350462890, 'milspec', 12, 'Dual Berettas | Пантера (После полевых испытаний)', '2016-10-08 01:16:25', '2016-02-15 08:38:48', 0, 0),
(352, 13, 'Dual Berettas | Dualing Dragons (Field-Tested)', 1369823496, 'milspec', 8, 'Dual Berettas | Драконий дуэт (После полевых испытаний)', '2016-10-08 01:15:37', '2016-02-15 08:39:04', 0, 0),
(353, 13, 'Dual Berettas | Black Limba (Field-Tested)', 310776549, 'milspec', 43, 'Dual Berettas | Черная лимба (После полевых испытаний)', '2016-10-08 01:17:52', '2016-02-15 08:39:20', 0, 0),
(354, 13, 'G3SG1 | Azure Zebra (Field-Tested)', 310778363, 'milspec', 22, 'G3SG1 | Лазурная зебра (После полевых испытаний)', '2016-10-08 01:16:48', '2016-02-15 08:56:26', 0, 0),
(355, 13, 'G3SG1 | Demeter (Field-Tested)', 310777562, 'milspec', 43, 'G3SG1 | Витраж (После полевых испытаний)', '2016-10-08 01:17:57', '2016-02-15 08:56:41', 0, 0),
(356, 13, 'G3SG1 | Murky (Field-Tested)', 1413381456, 'milspec', 14, 'G3SG1 | Мрак (После полевых испытаний)', '2016-10-08 01:16:20', '2016-02-15 08:56:57', 0, 0),
(357, 13, 'Galil AR | Blue Titanium (Factory New)', 549186128, 'milspec', 25, 'Galil AR | Синий титан (Прямо с завода)', '2016-10-08 01:16:59', '2016-02-15 08:57:32', 0, 0),
(358, 13, 'Galil AR | Kami (Field-Tested)', 469437423, 'milspec', 8, 'Galil AR | Ками (После полевых испытаний)', '2016-10-08 01:15:48', '2016-02-15 08:57:45', 0, 0),
(359, 13, 'Galil AR | Sandstorm (Field-Tested)', 310776556, 'milspec', 9, 'Galil AR | Песчаная буря (После полевых испытаний)', '2016-10-08 01:15:53', '2016-02-15 08:58:04', 0, 0),
(360, 13, 'Galil AR | Shattered (Field-Tested)', 310777051, 'milspec', 41, 'Galil AR | Осколки (После полевых испытаний)', '2016-10-08 01:17:58', '2016-02-15 09:14:03', 0, 0),
(361, 13, 'Glock-18 | Blue Fissure (Field-Tested)', 350462817, 'milspec', 40, 'Glock-18 | Синяя трещина (После полевых испытаний)', '2016-10-08 01:17:15', '2016-02-15 09:14:15', 0, 0),
(362, 13, 'Glock-18 | Catacombs (Field-Tested)', 1369145518, 'milspec', 12, 'Glock-18 | Захоронение', '2016-10-08 01:15:40', '2016-02-15 09:49:38', 0, -1),
(363, 13, 'Glock-18 | Reactor (Field-Tested)', 1356190020, 'milspec', 98, 'Glock-18 | Реактор (После полевых испытаний)', '2016-10-08 01:18:53', '2016-02-15 09:49:58', 0, 0),
(364, 13, 'Glock-18 | Wraiths (Field-Tested)', 1373857641, 'milspec', 8, 'Glock-18 | Призраки (После полевых испытаний)', '2016-10-08 01:15:38', '2016-02-15 09:50:20', 0, 0),
(365, 13, 'M249 | Magma (Field-Tested)', 379045909, 'milspec', 8, 'M249 | Магма (После полевых испытаний)', '2016-10-08 01:15:56', '2016-02-15 09:50:32', 0, 0),
(366, 13, 'M249 | System Lock (Well-Worn)', 1475164057, 'milspec', 7, 'M249 | Блокировка (Поношенное)', '2016-10-08 01:15:57', '2016-02-15 09:51:30', 0, 0),
(367, 13, 'M4A1-S | Blood Tiger (Field-Tested)', 310777229, 'milspec', 129, 'M4A1-S | Кровавый тигр (После полевых испытаний)', '2016-10-08 01:19:03', '2016-02-15 09:51:44', 0, 0),
(368, 13, 'M4A1-S | VariCamo (Field-Tested)', 549124997, 'milspec', 16, 'M4A1-S | Смешанный камуфляж (После полевых испытаний)', '2016-10-08 01:16:57', '2016-02-15 09:52:03', 0, -1),
(369, 13, 'M4A4 | Faded Zebra (Field-Tested)', 376999437, 'milspec', 55, 'M4A4 | Тусклые полосы (После полевых испытаний)', '2016-10-08 01:17:40', '2016-02-15 09:52:17', 0, 0),
(370, 13, 'MAC-10 | Fade (Factory New)', 1435061372, 'milspec', 180, 'MAC-10 | Градиент (Прямо с завода)', '2016-10-08 01:19:53', '2016-02-15 09:52:31', 0, 0),
(371, 13, 'MAC-10 | Ultraviolet (Field-Tested)', 655763497, 'milspec', 10, 'MAC-10 | Ультрафиолет (После полевых испытаний)', '2016-10-08 01:16:06', '2016-02-15 09:53:36', 0, 0),
(372, 13, 'MAG-7 | Firestarter (Field-Tested)', 638240835, 'milspec', 12, 'MAG-7 | Поджигатель (После полевых испытаний)', '2016-10-08 01:16:02', '2016-02-15 09:53:48', 0, 0),
(373, 13, 'MAG-7 | Heaven Guard (Field-Tested)', 360453655, 'milspec', 6, 'MAG-7 | Райский страж (После полевых испытаний)', '2016-10-08 01:15:06', '2016-02-15 09:53:58', 0, -1),
(374, 13, 'MAG-7 | Memento (Field-Tested)', 1502274840, 'milspec', 52, 'MAG-7 | Объемные шестиугольники (После полевых испытаний)', '2016-10-08 01:17:35', '2016-02-15 09:54:15', 0, 0),
(375, 13, 'MP7 | Armor Core (Field-Tested)', 937245046, 'milspec', 6, 'MP7 | Броня', '2016-10-08 01:15:07', '2016-02-15 09:54:26', 0, 0),
(376, 13, 'MP7 | Skulls (Field-Tested)', 310778479, 'milspec', 63, 'MP7 | Черепа (После полевых испытаний)', '2016-10-08 01:18:11', '2016-02-15 09:54:37', 0, 0),
(377, 13, 'MP7 | Urban Hazard (Field-Tested)', 520026202, 'milspec', 8, 'MP7 | Городская опасность', '2016-10-08 01:15:08', '2016-02-15 09:54:50', 0, 0),
(378, 13, 'MP9 | Dart (Field-Tested)', 638241008, 'milspec', 14, 'MP9 | Дротик (После полевых испытаний)', '2016-10-08 01:16:20', '2016-02-15 09:55:07', 0, 0),
(379, 13, 'MP9 | Deadly Poison (Field-Tested)', 1483335039, 'milspec', 8, 'MP9 | Смертельный яд', '2016-10-08 01:15:57', '2016-02-15 09:57:05', 0, 0),
(380, 13, 'Negev | Bratatat (Field-Tested)', 660443525, 'milspec', 15, 'Negev | Тра-та-та (После полевых испытаний)', '2016-10-08 01:16:16', '2016-02-15 09:57:23', 0, 0),
(381, 13, 'Negev | Desert-Strike (Field-Tested)', 1465515344, 'milspec', 7, 'Negev | Пустынная атака', '2016-10-08 01:15:08', '2016-02-15 09:57:37', 0, 0),
(382, 13, 'Negev | Man-o''-war (Field-Tested)', 1395030622, 'milspec', 7, 'Negev | Боец (После полевых испытаний)', '2016-10-08 01:15:09', '2016-02-15 09:57:50', 0, 0),
(383, 13, 'Negev | Terrain (Field-Tested)', 934932890, 'milspec', 7, 'Negev | Почва (После полевых испытаний)', '2016-10-08 01:15:39', '2016-02-15 09:58:06', 0, 0),
(384, 13, 'Nova | Ghost Camo (Minimal Wear)', 1486024352, 'milspec', 18, 'Nova | Призрачный камуфляж (Немного поношенное)', '2016-10-08 01:16:45', '2016-02-15 09:58:35', 0, 0),
(385, 13, 'Nova | Tempest (Minimal Wear)', 310776860, 'milspec', 54, 'Nova | Буря (Немного поношенное)', '2016-10-08 01:18:06', '2016-02-15 09:59:55', 0, 0),
(386, 13, 'P2000 | Ivory (Field-Tested)', 520026431, 'milspec', 6, 'P2000 | Слоновая кость (После полевых испытаний)', '2016-10-08 01:15:10', '2016-02-15 10:00:07', 0, 0),
(387, 13, 'P2000 | Pulse (Field-Tested)', 506855399, 'milspec', 9, 'P2000 | Пульс (После полевых испытаний)', '2016-10-08 01:16:03', '2016-02-15 10:00:37', 0, -1),
(388, 13, 'P2000 | Red FragCam (Field-Tested)', 350458027, 'milspec', 10, 'P2000 | Красные фрагменты (После полевых испытаний)', '2016-10-08 01:16:14', '2016-02-15 10:00:55', 0, 0),
(389, 13, 'P250 | Hive (Field-Tested)', 310780171, 'milspec', 45, 'P250 | Улей (После полевых испытаний)', '2016-10-08 01:18:02', '2016-02-15 10:01:07', 0, 0),
(390, 13, 'P250 | Steel Disruption (Field-Tested)', 310779881, 'milspec', 17, 'P250 | Ржавая сталь (После полевых испытаний)', '2016-10-08 01:16:30', '2016-02-15 10:01:21', 0, 0),
(391, 13, 'P250 | Valence (Field-Tested)', 1370754670, 'milspec', 8, 'P250 | Валентность', '2016-10-08 01:15:13', '2016-02-15 10:01:35', 0, -1),
(392, 13, 'P90 | Module (Field-Tested)', 506853573, 'milspec', 30, 'P90 | Модуль (После полевых испытаний)', '2016-10-08 01:17:12', '2016-02-15 10:01:47', 0, 0),
(393, 13, 'PP-Bizon | Cobalt Halftone (Field-Tested)', 310776522, 'milspec', 8, 'ПП-19 Бизон | Синие полутона (После полевых испытаний)', '2016-10-08 01:15:54', '2016-02-15 10:02:00', 0, 0),
(394, 13, 'PP-Bizon | Water Sigil (Field-Tested)', 310778234, 'milspec', 15, 'ПП-19 Бизон | Знак воды (После полевых испытаний)', '2016-10-08 01:16:26', '2016-02-15 10:02:24', 0, 0),
(395, 13, 'SCAR-20 | Crimson Web (Field-Tested)', 310776622, 'milspec', 42, 'SCAR-20 | Кровавая паутина (После полевых испытаний)', '2016-10-08 01:18:14', '2016-02-15 10:02:36', 0, 0),
(396, 13, 'SCAR-20 | Green Marine (Field-Tested)', 1420914525, 'milspec', 7, 'SCAR-20 | Зеленый морпех (После полевых испытаний)', '2016-10-08 01:15:14', '2016-02-15 10:03:45', 0, 0),
(397, 13, 'SCAR-20 | Grotto (Field-Tested)', 749024833, 'milspec', 7, 'SCAR-20 | Грот (После полевых испытаний)', '2016-10-08 01:15:15', '2016-02-15 10:05:13', 0, 0),
(398, 13, 'SG 553 | Ultraviolet (Field-Tested)', 310777540, 'milspec', 68, 'SG 553 | Ультрафиолет (После полевых испытаний)', '2016-10-08 01:17:46', '2016-02-15 10:05:21', 0, 0),
(399, 13, 'SG 553 | Wave Spray (Battle-Scarred)', 1533824356, 'milspec', 40, 'SG 553 | Брызги волны (Закаленное в боях)', '2016-10-08 01:18:12', '2016-02-15 10:05:36', 0, 0),
(400, 13, 'SSG 08 | Abyss (Field-Tested)', 522002056, 'milspec', 12, 'SSG 08 | Пучина', '2016-10-08 01:15:39', '2016-02-15 10:05:45', 0, 0),
(401, 13, 'SSG 08 | Dark Water (Field-Tested)', 1235039010, 'milspec', 16, 'SSG 08 | Темная вода (После полевых испытаний)', '2016-10-08 01:16:14', '2016-02-15 10:05:57', 0, 0),
(402, 13, 'SSG 08 | Slashed (Field-Tested)', 508937726, 'milspec', 17, 'SSG 08 | Когти (После полевых испытаний)', '2016-10-08 01:16:07', '2016-02-15 10:06:13', 0, 0),
(403, 13, 'Sawed-Off | Origami (Field-Tested)', 1287939972, 'milspec', 7, 'Sawed-Off | Оригами', '2016-10-08 01:15:16', '2016-02-15 10:06:24', 0, 0),
(404, 13, 'Tec-9 | Blue Titanium (Factory New)', 1399394570, 'milspec', 62, 'Tec-9 | Синий титан (Прямо с завода)', '2016-10-08 01:18:46', '2016-02-15 10:06:32', 0, 0),
(405, 13, 'USP-S | Stainless (Field-Tested)', 1269647402, 'milspec', 109, 'USP-S | Нержавейка (После полевых испытаний)', '2016-10-08 01:18:34', '2016-02-15 10:07:04', 0, 0),
(406, 13, 'USP-S | Torque (Field-Tested)', 1212056994, 'milspec', 27, 'USP-S | Закрученный (После полевых испытаний)', '2016-10-08 01:16:13', '2016-02-15 10:07:17', 0, -1),
(407, 13, 'XM1014 | Quicksilver (Field-Tested)', 1438465447, 'milspec', 7, 'XM1014 | Ртуть', '2016-10-08 01:15:17', '2016-02-15 10:07:31', 0, 0),
(408, 13, 'XM1014 | Red Python (Field-Tested)', 556899133, 'milspec', 9, 'XM1014 | Красный питон (После полевых испытаний)', '2016-10-08 01:16:05', '2016-02-15 10:07:46', 0, 0),
(409, 13, 'XM1014 | Scumbria (Field-Tested)', 1401873151, 'milspec', 6, 'XM1014 | Скумбрия (После полевых испытаний)', '2016-10-08 01:15:17', '2016-02-15 10:08:02', 0, 0),
(410, 13, 'Tec-9 | Isaac (Field-Tested)', 469443695, 'milspec', 27, 'Tec-9 | Айзек (После полевых испытаний)', '2016-10-08 01:17:07', '2016-02-15 10:08:14', 0, 0),
(411, 13, 'Tec-9 | Sandstorm (Field-Tested)', 1372446337, 'milspec', 7, 'Tec-9 | Песчаная буря (После полевых испытаний)', '2016-10-08 01:15:18', '2016-02-15 10:08:29', 0, -1),
(412, 13, 'UMP-45 | Blaze (Factory New)', 1438970116, 'milspec', 611, 'UMP-45 | Пламя (Прямо с завода)', '2016-10-08 01:21:06', '2016-02-15 10:08:48', 0, 0),
(413, 13, 'UMP-45 | Bone Pile (Field-Tested)', 310777756, 'milspec', 43, 'UMP-45 | Груда костей (После полевых испытаний)', '2016-10-08 01:17:50', '2016-02-15 10:09:02', 0, 0),
(414, 13, 'UMP-45 | Corporal (Field-Tested)', 645637611, 'milspec', 7, 'UMP-45 | Капрал (После полевых испытаний)', '2016-10-08 01:15:18', '2016-02-15 10:09:17', 0, 0),
(415, 13, 'UMP-45 | Delusion (Field-Tested)', 638241303, 'milspec', 12, 'UMP-45 | Заблуждение', '2016-10-08 01:16:04', '2016-02-15 10:09:30', 0, 0),
(416, 13, 'UMP-45 | Labyrinth (Field-Tested)', 520026517, 'milspec', 7, 'UMP-45 | Лабиринт', '2016-10-08 01:15:24', '2016-02-15 10:09:47', 0, 0),
(417, 14, 'UMP-45 | Riot (Field-Tested)', 1233879701, 'milspec', 7, 'UMP-45 | Бунт (После полевых испытаний)', '2016-10-08 01:15:25', '2016-02-15 10:09:57', 0, -1),
(418, 13, 'USP-S | Blood Tiger (Field-Tested)', 527657687, 'milspec', 40, 'USP-S | Кровавый тигр (После полевых испытаний)', '2016-10-08 01:17:09', '2016-02-15 10:10:10', 0, -1),
(419, 15, 'M4A1-S | Guardian (Field-Tested)', 1229068476, 'classified', 344, 'M4A1-S | Страж (После полевых испытаний)', '2016-10-08 01:20:34', '2016-02-22 04:34:07', 0, 0),
(420, 15, 'AK-47 | Cartel (Field-Tested)', 1211902245, 'classified', 166, 'AK-47 | Картель (После полевых испытаний)', '2016-10-08 01:27:33', '2016-02-22 04:34:19', 0, -1),
(421, 15, 'AK-47 | Frontside Misty (Field-Tested)', 1353995576, 'classified', 581, 'AK-47 | Снежный вихрь (После полевых испытаний)', '2016-10-08 01:21:09', '2016-02-22 04:34:34', 0, 0),
(422, 15, 'AK-47 | Jet Set (Field-Tested)', 1393950225, 'classified', 1886, 'AK-47 | Путешественник (После полевых испытаний)', '2016-10-08 01:22:00', '2016-02-22 04:34:50', 0, 0),
(423, 15, 'AK-47 | Red Laminate (Minimal Wear)', 310779319, 'classified', 802, 'AK-47 | Красный глянец (Немного поношенное)', '2016-10-08 01:21:20', '2016-02-22 04:35:05', 0, 0),
(424, 15, 'AK-47 | Redline (Field-Tested)', 822709384, 'classified', 391, 'AK-47 | Красная линия', '2016-10-08 01:20:40', '2016-02-22 04:35:19', 0, -1),
(425, 15, 'AUG | Bengal Tiger (Field-Tested)', 527657654, 'classified', 108, 'AUG | Бенгальский тигр (После полевых испытаний)', '2016-10-08 01:19:15', '2016-02-22 04:35:39', 0, 0),
(426, 15, 'AWP | BOOM (Field-Tested)', 1439208621, 'classified', 1110, 'AWP | БАХ (После полевых испытаний)', '2016-10-08 01:21:41', '2016-02-22 04:35:51', 0, 0),
(427, 15, 'AWP | Corticera (Field-Tested)', 527651497, 'classified', 343, 'AWP | Кортисейра (После полевых испытаний)', '2016-10-08 01:20:47', '2016-02-22 04:36:07', 0, 0),
(428, 15, 'AWP | Electric Hive (Field-Tested)', 370275477, 'classified', 631, 'AWP | Электрический улей (После полевых испытаний)', '2016-10-08 01:21:12', '2016-02-22 04:36:21', 0, 0),
(429, 15, 'AWP | Graphite (Factory New)', 1533164694, 'classified', 2458, 'AWP | Графит (Прямо с завода)', '2016-10-08 01:22:08', '2016-02-22 04:37:28', 0, 0),
(430, 15, 'AWP | Redline (Field-Tested)', 1385855495, 'classified', 598, 'AWP | Красная линия (После полевых испытаний)', '2016-10-08 01:21:18', '2016-02-22 04:37:57', 0, 0),
(431, 15, 'CZ75-Auto | The Fuschia Is Now (Field-Tested)', 1489786673, 'classified', 116, 'CZ75-Auto | Новая фуксия (После полевых испытаний)', '2016-10-08 01:19:28', '2016-02-22 04:38:08', 0, 0),
(432, 15, 'CZ75-Auto | Yellow Jacket (Field-Tested)', 1376958541, 'classified', 131, 'CZ75-Auto | Желтый жакет (После полевых испытаний)', '2016-10-08 01:19:29', '2016-02-22 04:38:20', 0, 0),
(433, 15, 'Desert Eagle | Cobalt Disruption (Field-Tested)', 915444540, 'classified', 413, 'Desert Eagle | Ржавый кобальт (После полевых испытаний)', '2016-10-08 01:20:25', '2016-02-22 04:38:38', 0, 0),
(434, 15, 'Desert Eagle | Conspiracy (Field-Tested)', 520034000, 'classified', 136, 'Desert Eagle | Заговор (После полевых испытаний)', '2016-10-08 01:19:09', '2016-02-22 04:38:57', 0, 0),
(435, 15, 'Desert Eagle | Hypnotic (Minimal Wear)', 310780363, 'classified', 1024, 'Desert Eagle | Гипнотический (Немного поношенное)', '2016-10-08 01:21:19', '2016-02-22 04:39:36', 0, 0),
(436, 15, 'FAMAS | Afterimage (Field-Tested)', 1490555547, 'classified', 142, 'FAMAS | Остаточное изображение (После полевых испытаний)', '2016-10-08 01:19:38', '2016-02-22 04:40:12', 0, 0),
(437, 15, 'FAMAS | Djinn (Field-Tested)', 1285543353, 'classified', 81, 'FAMAS | Джинн', '2016-10-08 01:18:41', '2016-02-22 04:40:28', 0, -1),
(438, 15, 'Five-SeveN | Fowl Play (Field-Tested)', 1461750797, 'classified', 82, 'Five-SeveN | Птичьи игры (После полевых испытаний)', '2016-10-08 01:18:44', '2016-02-22 04:40:40', 0, 0),
(439, 15, 'G3SG1 | Flux (Field-Tested)', 1387707568, 'classified', 144, 'G3SG1 | Поток (После полевых испытаний)', '2016-10-08 01:19:31', '2016-02-22 04:40:52', 0, 0),
(440, 15, 'Galil AR | Eco (Field-Tested)', 937248087, 'classified', 81, 'Galil AR | Эко (После полевых испытаний)', '2016-10-08 01:18:41', '2016-02-22 04:41:07', 0, 0),
(441, 15, 'Glock-18 | Twilight Galaxy (Field-Tested)', 1505282740, 'classified', 696, 'Glock-18 | Сумеречная галактика (После полевых испытаний)', '2016-10-08 01:21:34', '2016-02-22 04:41:25', 0, 0),
(442, 15, 'Glock-18 | Water Elemental (Field-Tested)', 520027424, 'classified', 192, 'Glock-18 | Водяной (После полевых испытаний)', '2016-10-08 01:19:46', '2016-02-22 04:41:49', 0, 0),
(443, 15, 'M4A1-S | Atomic Alloy (Field-Tested)', 469444831, 'classified', 208, 'M4A1-S | Атомный сплав (После полевых испытаний)', '2016-10-08 01:19:59', '2016-02-22 04:42:04', 0, 0),
(444, 15, 'AK-47 | Case Hardened (Field-Tested)', 310779955, 'classified', 1640, 'AK-47 | Поверхностная закалка (После полевых испытаний)', '2016-10-08 01:22:02', '2016-02-22 04:42:18', 0, 0),
(445, 15, 'M4A1-S | Hot Rod (Factory New)', 992174037, 'classified', 5436, 'M4A1-S | Хот-род (Прямо с завода)', '2016-10-08 01:24:13', '2016-02-22 04:42:47', 0, 0),
(446, 15, 'M4A1-S | Master Piece (Field-Tested)', 1478156244, 'classified', 2223, 'M4A1-S | Шедевр (После полевых испытаний)', '2016-10-08 01:23:35', '2016-02-22 04:43:09', 0, 0),
(447, 15, 'M4A4 | 龍王 (Dragon King) (Field-Tested)', 1220180935, 'classified', 240, 'M4A4 | 龍王 (Король драконов) (После полевых испытаний)', '2016-10-08 01:19:57', '2016-02-22 04:43:50', 0, 0),
(448, 15, 'MP7 | Nemesis (Field-Tested)', 1551367902, 'classified', 182, 'MP7 | Заклятый враг (После полевых испытаний)', '2016-10-08 01:19:50', '2016-02-22 04:44:27', 0, 0),
(449, 15, 'Nova | Antique (Field-Tested)', 360490754, 'classified', 201, 'Nova | Антиквариат (После полевых испытаний)', '2016-10-08 01:19:51', '2016-02-22 04:44:48', 0, 0),
(450, 15, 'Nova | Bloomstick (Field-Tested)', 527684903, 'classified', 111, 'Nova | Расцветающая ветка (После полевых испытаний)', '2016-10-08 01:19:07', '2016-02-22 04:45:01', 0, 0),
(451, 15, 'P2000 | Corticera (Field-Tested)', 527655427, 'classified', 157, 'P2000 | Кортисейра (После полевых испытаний)', '2016-10-08 01:19:18', '2016-02-22 04:45:12', 0, 0),
(452, 15, 'P2000 | Ocean Foam (Factory New)', 310777844, 'classified', 2188, 'P2000 | Океанская пена (Прямо с завода)', '2016-10-08 01:22:03', '2016-02-22 04:45:35', 0, 0),
(453, 15, 'P250 | Cartel (Field-Tested)', 638243938, 'classified', 132, 'P250 | Картель (После полевых испытаний)', '2016-10-08 01:19:20', '2016-02-22 04:45:53', 0, 0),
(454, 15, 'P250 | Franklin (Field-Tested)', 469479341, 'classified', 36, 'P250 | Франклин (После полевых испытаний)', '2016-10-08 01:18:17', '2016-02-22 04:46:03', 0, 0),
(455, 15, 'P250 | Mehndi (Field-Tested)', 310784520, 'classified', 254, 'P250 | Роспись (После полевых испытаний)', '2016-10-08 01:20:14', '2016-02-22 04:46:13', 0, 0),
(456, 15, 'P250 | Muertos (Field-Tested)', 1229460443, 'classified', 128, 'P250 | Покойник (После полевых испытаний)', '2016-10-08 01:19:05', '2016-02-22 04:46:28', 0, 0),
(457, 15, 'P250 | Undertow (Field-Tested)', 350662197, 'classified', 220, 'P250 | Цвета прибоя (После полевых испытаний)', '2016-10-08 01:19:37', '2016-02-22 04:46:41', 0, 0),
(458, 15, 'P90 | Cold Blooded (Factory New)', 1486739530, 'classified', 339, 'P90 | Хладнокровный (Прямо с завода)', '2016-10-08 01:20:26', '2016-02-22 04:47:04', 0, 0),
(459, 15, 'P90 | Emerald Dragon (Field-Tested)', 310776524, 'classified', 1577, 'P90 | Изумрудный дракон (После полевых испытаний)', '2016-10-08 01:21:58', '2016-02-22 04:47:15', 0, 0),
(460, 15, 'R8 Revolver | Amber Fade (Field-Tested)', 1432181560, 'classified', 35, 'R8 Revolver | Янтарный градиент (После полевых испытаний)', '2016-10-08 01:18:26', '2016-02-22 04:47:32', 0, 0),
(461, 15, 'SCAR-20 | Cardiac (Field-Tested)', 1392344551, 'classified', 122, 'SCAR-20 | Кардио (После полевых испытаний)', '2016-10-08 01:19:21', '2016-02-22 04:47:49', 0, 0),
(462, 15, 'SCAR-20 | Cyrex (Field-Tested)', 469458040, 'classified', 179, 'SCAR-20 | Сайрекс (После полевых испытаний)', '2016-10-08 01:19:48', '2016-02-22 04:48:03', 0, 0),
(463, 15, 'SCAR-20 | Splash Jam (Field-Tested)', 310781061, 'classified', 111, 'SCAR-20 | Пятна от краски (После полевых испытаний)', '2016-10-08 01:19:22', '2016-02-22 04:48:11', 0, 0),
(464, 15, 'SG 553 | Cyrex (Field-Tested)', 1011939436, 'classified', 132, 'SG 553 | Сайрекс (После полевых испытаний)', '2016-10-08 01:19:24', '2016-02-22 04:48:27', 0, 0),
(465, 15, 'SSG 08 | Big Iron (Field-Tested)', 1381470565, 'classified', 156, 'SSG 08 | Большая пушка (После полевых испытаний)', '2016-10-08 01:19:41', '2016-02-22 04:48:38', 0, 0),
(466, 15, 'USP-S | Caiman (Field-Tested)', 506861307, 'classified', 262, 'USP-S | Кайман (После полевых испытаний)', '2016-10-08 01:20:08', '2016-02-22 04:48:49', 0, 0),
(467, 15, 'USP-S | Orion (Field-Tested)', 469451923, 'classified', 582, 'USP-S | Орион (После полевых испытаний)', '2016-10-08 01:21:04', '2016-02-22 04:49:01', 0, 0),
(468, 15, 'USP-S | Serum (Field-Tested)', 310785939, 'classified', 400, 'USP-S | Сыворотка (После полевых испытаний)', '2016-10-08 01:20:32', '2016-02-22 04:49:13', 0, 0),
(469, 15, 'XM1014 | Tranquility (Field-Tested)', 638243662, 'classified', 145, 'XM1014 | Спокойствие (После полевых испытаний)', '2016-10-08 01:19:17', '2016-02-22 04:49:22', 0, 0),
(470, 17, '★ Falchion Knife | Boreal Forest (Field-Tested)', 1500551290, 'covert', 2776, '★ Фальшион | Северный лес (После полевых испытаний)', '2016-10-08 01:22:18', '2016-02-23 12:09:27', 0, 0),
(471, 17, '★ Falchion Knife | Urban Masked (Field-Tested)', 1014100584, 'covert', 2668, '★ Фальшион | Городская маскировка (После полевых испытаний)', '2016-10-08 01:22:16', '2016-02-23 12:12:49', 0, 0),
(472, 17, '★ Falchion Knife | Forest DDPAT (Field-Tested)', 1015029332, 'covert', 2697, '★ Фальшион | Пиксельный камуфляж «Лес» (После полевых испытаний)', '2016-10-08 01:22:15', '2016-02-23 12:14:11', 0, 0),
(473, 17, '★ Falchion Knife | Slaughter (Field-Tested)', 1554694856, 'covert', 5613, '★ Фальшион | Убийство (После полевых испытаний)', '2016-10-08 01:24:00', '2016-02-23 12:16:47', 0, 0),
(474, 17, '★ Falchion Knife | Stained (Field-Tested)', 1014690853, 'covert', 2940, '★ Фальшион | Патина (После полевых испытаний)', '2016-10-08 01:23:28', '2016-02-23 12:17:20', 0, 0),
(475, 17, '★ Karambit | Case Hardened (Field-Tested)', 1530661320, 'covert', 12823, '★ Керамбит | Поверхностная закалка (После полевых испытаний)', '2016-10-08 01:24:38', '2016-02-23 12:17:55', 0, 0),
(476, 17, '★ Karambit | Forest DDPAT (Field-Tested)', 1545856070, 'covert', 7723, '★ Керамбит | Пиксельный камуфляж «Лес» (После полевых испытаний)', '2016-10-08 01:24:19', '2016-02-23 12:18:17', 0, 0),
(477, 17, '★ Karambit | Blue Steel (Field-Tested)', 313674416, 'covert', 13072, '★ Керамбит | Вороненая сталь (После полевых испытаний)', '2016-10-08 01:24:41', '2016-02-23 12:18:46', 0, 0),
(478, 17, '★ Karambit | Ultraviolet (Field-Tested)', 720385927, 'covert', 12010, '★ Керамбит | Ультрафиолет (После полевых испытаний)', '2016-10-08 01:24:33', '2016-02-23 12:19:52', 0, 0),
(479, 17, '★ Karambit | Boreal Forest (Field-Tested)', 1553934836, 'covert', 7770, '★ Керамбит | Северный лес (После полевых испытаний)', '2016-10-08 01:24:19', '2016-02-23 12:20:15', 0, 0),
(480, 17, '★ Karambit | Stained (Field-Tested)', 1554231275, 'covert', 11401, '★ Керамбит | Патина (После полевых испытаний)', '2016-10-08 01:24:29', '2016-02-23 12:21:17', 0, 0),
(481, 17, '★ Karambit | Safari Mesh (Field-Tested)', 1539856613, 'covert', 7181, '★ Керамбит | Африканская сетка (После полевых испытаний)', '2016-10-08 01:24:11', '2016-02-23 12:21:39', 0, 0),
(482, 17, '★ Flip Knife | Doppler (Factory New)', 720544632, 'covert', 9388, '★ Складной нож | Волны (Прямо с завода)', '2016-10-08 01:24:24', '2016-02-23 12:22:10', 0, 0),
(483, 17, '★ Flip Knife | Fade (Factory New)', 1556293078, 'covert', 10252, '★ Складной нож | Градиент (Прямо с завода)', '2016-10-08 01:24:26', '2016-02-23 12:22:46', 0, 0),
(484, 17, '★ Flip Knife | Slaughter (Field-Tested)', 1543010611, 'covert', 7853, '★ Складной нож | Убийство (После полевых испытаний)', '2016-10-08 01:24:21', '2016-02-23 12:23:04', 0, 0),
(485, 17, '★ Flip Knife | Tiger Tooth (Factory New)', 721036866, 'covert', 10520, '★ Складной нож | Зуб тигра (Прямо с завода)', '2016-10-08 01:24:30', '2016-02-23 12:23:31', 0, 0),
(486, 17, '★ Flip Knife | Crimson Web (Field-Tested)', 809775141, 'covert', 6433, '★ Складной нож | Кровавая паутина (После полевых испытаний)', '2016-10-08 01:24:03', '2016-02-23 12:25:10', 0, 0),
(487, 17, '★ Flip Knife | Forest DDPAT (Field-Tested)', 1554176308, 'covert', 3286, '★ Складной нож | Пиксельный камуфляж «Лес» (После полевых испытаний)', '2016-10-08 01:23:30', '2016-02-23 12:25:34', 0, 0),
(488, 17, '★ Flip Knife | Marble Fade (Factory New)', 720540811, 'covert', 13001, '★ Складной нож | Мраморный градиент (Прямо с завода)', '2016-10-08 01:24:35', '2016-02-23 12:25:56', 0, 0),
(489, 17, '★ Butterfly Knife | Slaughter (Field-Tested)', 520186597, 'covert', 11258, '★ Нож-бабочка | Убийство (После полевых испытаний)', '2016-10-08 01:24:27', '2016-02-23 12:26:14', 0, 0),
(490, 17, '★ Butterfly Knife | Fade (Factory New)', 1528818057, 'covert', 15681, '★ Нож-бабочка | Градиент (Прямо с завода)', '2016-10-08 01:24:46', '2016-02-23 12:26:59', 0, 0);
INSERT INTO `items` (`id`, `case_id`, `market_hash_name`, `classid`, `type`, `price`, `market_name`, `updated_at`, `created_at`, `status`, `counts`) VALUES
(491, 17, '★ Butterfly Knife | Case Hardened (Field-Tested)', 520463978, 'covert', 7519, '★ Нож-бабочка | Поверхностная закалка (После полевых испытаний)', '2016-10-08 01:24:15', '2016-02-23 12:27:15', 0, 0),
(492, 17, '★ Butterfly Knife | Stained (Field-Tested)', 1556083675, 'covert', 5621, '★ Нож-бабочка | Патина (После полевых испытаний)', '2016-10-08 01:24:02', '2016-02-23 12:27:29', 0, 0),
(493, 17, '★ Butterfly Knife | Crimson Web (Field-Tested)', 520040863, 'covert', 8207, '★ Нож-бабочка | Кровавая паутина (После полевых испытаний)', '2016-10-08 01:24:20', '2016-02-23 12:27:48', 0, 0),
(494, 17, '★ Butterfly Knife | Forest DDPAT (Field-Tested)', 1438703926, 'covert', 4540, '★ Нож-бабочка | Пиксельный камуфляж «Лес» (После полевых испытаний)', '2016-10-08 01:23:51', '2016-02-23 12:28:04', 0, 0),
(495, 17, '★ Bayonet | Blue Steel (Field-Tested)', 311867303, 'covert', 6845, '★ Штык-нож | Вороненая сталь (После полевых испытаний)', '2016-10-08 01:24:16', '2016-02-23 12:28:33', 0, 0),
(496, 17, '★ Bayonet | Slaughter (Field-Tested)', 312215384, 'covert', 9814, '★ Штык-нож | Убийство (После полевых испытаний)', '2016-10-08 01:24:26', '2016-02-23 12:28:48', 0, 0),
(497, 17, '★ Bayonet | Tiger Tooth (Factory New)', 1542837569, 'covert', 17615, '★ Штык-нож | Зуб тигра (Прямо с завода)', '2016-10-08 01:24:47', '2016-02-23 12:29:12', 0, 0),
(498, 17, '★ Bayonet | Safari Mesh (Field-Tested)', 312110943, 'covert', 3848, '★ Штык-нож | Африканская сетка (После полевых испытаний)', '2016-10-08 01:23:44', '2016-02-23 12:29:27', 0, 0),
(499, 17, '★ Bayonet | Boreal Forest (Field-Tested)', 1555502185, 'covert', 4139, '★ Штык-нож | Северный лес (После полевых испытаний)', '2016-10-08 01:23:45', '2016-02-23 12:29:40', 0, 0),
(500, 17, '★ Bayonet | Case Hardened (Field-Tested)', 1556683305, 'covert', 6915, '★ Штык-нож | Поверхностная закалка (После полевых испытаний)', '2016-10-08 01:24:18', '2016-02-23 12:30:03', 0, 0),
(501, 17, '★ Bayonet | Rust Coat (Battle-Scarred)', 720341907, 'covert', 5468, '★ Штык-нож | Пыльник (Закаленное в боях)', '2016-10-08 01:24:00', '2016-02-23 12:30:43', 0, 0),
(502, 17, '★ Bayonet | Scorched (Field-Tested)', 310877902, 'covert', 4029, '★ Штык-нож | Сажа (После полевых испытаний)', '2016-10-08 01:23:46', '2016-02-23 12:31:00', 0, 0),
(503, 17, '★ Bayonet | Night (Field-Tested)', 1544589215, 'covert', 5073, '★ Штык-нож | Ночь (После полевых испытаний)', '2016-10-08 01:23:54', '2016-02-23 12:31:16', 0, 0),
(504, 17, '★ Bayonet | Crimson Web (Field-Tested)', 311708175, 'covert', 6300, '★ Штык-нож | Кровавая паутина (После полевых испытаний)', '2016-10-08 01:24:09', '2016-02-23 12:31:29', 0, 0),
(505, 17, '★ Bayonet | Ultraviolet (Field-Tested)', 1541298726, 'covert', 4886, '★ Штык-нож | Ультрафиолет (После полевых испытаний)', '2016-10-08 01:23:53', '2016-02-23 12:31:45', 0, 0),
(506, 17, '★ Bayonet | Urban Masked (Field-Tested)', 313654971, 'covert', 4170, '★ Штык-нож | Городская маскировка (После полевых испытаний)', '2016-10-08 01:23:48', '2016-02-23 12:32:04', 0, 0),
(507, 17, '★ M9 Bayonet | Doppler (Factory New)', 720878002, 'covert', 16252, '★ Штык-нож M9 | Волны (Прямо с завода)', '2016-10-08 01:24:48', '2016-02-23 12:32:25', 0, 0),
(508, 17, '★ M9 Bayonet | Slaughter (Field-Tested)', 324349744, 'covert', 13591, '★ Штык-нож M9 | Убийство (После полевых испытаний)', '2016-10-08 01:24:40', '2016-02-23 12:32:41', 0, 0),
(509, 17, '★ M9 Bayonet | Boreal Forest (Field-Tested)', 313793448, 'covert', 5341, '★ Штык-нож M9 | Северный лес (После полевых испытаний)', '2016-10-08 01:23:56', '2016-02-23 12:32:56', 0, 0),
(510, 17, '★ M9 Bayonet | Stained (Field-Tested)', 311451484, 'covert', 6676, '★ Штык-нож M9 | Патина (После полевых испытаний)', '2016-10-08 01:24:08', '2016-02-23 12:33:10', 0, 0),
(511, 17, '★ Gut Knife | Tiger Tooth (Factory New)', 1463310313, 'covert', 5881, '★ Нож с лезвием-крюком | Зуб тигра (Прямо с завода)', '2016-10-08 01:24:07', '2016-02-23 12:33:30', 0, 0),
(512, 17, '★ Gut Knife | Fade (Factory New)', 1553989603, 'covert', 5951, '★ Нож с лезвием-крюком | Градиент (Прямо с завода)', '2016-10-08 01:24:04', '2016-02-23 12:33:44', 0, 0),
(513, 17, '★ Gut Knife | Doppler (Factory New)', 720778872, 'covert', 5204, '★ Нож с лезвием-крюком | Волны (Прямо с завода)', '2016-10-08 01:23:54', '2016-02-23 12:33:58', 0, 0),
(514, 17, '★ Gut Knife | Night (Field-Tested)', 1551520848, 'covert', 2791, '★ Нож с лезвием-крюком | Ночь (После полевых испытаний)', '2016-10-08 01:22:23', '2016-02-23 12:34:27', 0, 0),
(515, 17, '★ Gut Knife | Slaughter (Field-Tested)', 1541614130, 'covert', 3882, '★ Нож с лезвием-крюком | Убийство (После полевых испытаний)', '2016-10-08 01:23:41', '2016-02-23 12:34:48', 0, 0),
(516, 17, '★ Gut Knife | Safari Mesh (Field-Tested)', 1544401717, 'covert', 2560, '★ Нож с лезвием-крюком | Африканская сетка (После полевых испытаний)', '2016-10-08 01:22:12', '2016-02-23 12:35:08', 0, 0),
(517, 17, '★ Huntsman Knife | Safari Mesh (Field-Tested)', 1414019093, 'covert', 3228, '★ Охотничий нож | Африканская сетка (После полевых испытаний)', '2016-10-08 01:23:32', '2016-02-23 12:38:28', 0, 0),
(518, 17, '★ Huntsman Knife | Blue Steel (Field-Tested)', 470346294, 'covert', 5199, '★ Охотничий нож | Вороненая сталь (После полевых испытаний)', '2016-10-08 01:24:01', '2016-02-23 12:38:42', 0, 0),
(519, 17, '★ Huntsman Knife | Forest DDPAT (Field-Tested)', 469689450, 'covert', 3308, '★ Охотничий нож | Пиксельный камуфляж «Лес» (После полевых испытаний)', '2016-10-08 01:23:36', '2016-02-23 12:39:01', 0, 0),
(520, 17, '★ Huntsman Knife | Case Hardened (Field-Tested)', 1554524392, 'covert', 5922, '★ Охотничий нож | Поверхностная закалка (После полевых испытаний)', '2016-10-08 01:23:57', '2016-02-23 12:39:16', 0, 0),
(521, 17, '★ Huntsman Knife | Slaughter (Field-Tested)', 473719988, 'covert', 7880, '★ Охотничий нож | Убийство (После полевых испытаний)', '2016-10-08 01:24:23', '2016-02-23 12:39:31', 0, 0),
(522, 17, '★ Huntsman Knife | Fade (Factory New)', 915657581, 'covert', 11651, '★ Охотничий нож | Градиент (Прямо с завода)', '2016-10-08 01:24:34', '2016-02-23 12:39:46', 0, 0),
(523, 17, '★ Huntsman Knife | Scorched (Field-Tested)', 469767860, 'covert', 3262, '★ Охотничий нож | Сажа (После полевых испытаний)', '2016-10-08 01:23:33', '2016-02-23 12:41:02', 0, 0),
(524, 18, 'USP-S | Royal Blue (Field-Tested)', 519981615, 'common', 42, 'USP-S | Королевский синий (После полевых испытаний)', '2016-10-08 01:17:21', '2016-02-23 12:50:03', 0, 0),
(525, 18, 'USP-S | Forest Leaves (Field-Tested)', 1555899968, 'common', 2, 'USP-S | Лесные листья', '2016-10-08 01:14:48', '2016-02-23 12:50:21', 0, 0),
(526, 18, 'USP-S | Para Green (Field-Tested)', 992139013, 'common', 22, 'USP-S | Едва зеленый (После полевых испытаний)', '2016-10-08 01:16:21', '2016-02-23 12:50:37', 0, 0),
(527, 18, 'USP-S | Torque (Field-Tested)', 1011934384, 'milspec', 27, 'USP-S | Закрученный', '2016-10-08 01:16:13', '2016-02-23 12:50:51', 0, -1),
(528, 18, 'USP-S | Night Ops (Field-Tested)', 310780496, 'milspec', 8, 'USP-S | Ночные операции (После полевых испытаний)', '2016-10-08 01:15:49', '2016-02-23 12:51:12', 0, 0),
(529, 18, 'USP-S | Business Class (Field-Tested)', 519988433, 'milspec', 197, 'USP-S | Бизнес-класс (После полевых испытаний)', '2016-10-08 01:19:47', '2016-02-23 12:51:29', 0, 0),
(530, 18, 'USP-S | Stainless (Field-Tested)', 350474641, 'milspec', 109, 'USP-S | Нержавейка (После полевых испытаний)', '2016-10-08 01:18:34', '2016-02-23 12:51:41', 0, 0),
(531, 18, 'USP-S | Blood Tiger (Field-Tested)', 1553811225, 'milspec', 40, 'USP-S | Кровавый тигр (После полевых испытаний)', '2016-10-08 01:17:09', '2016-02-23 12:51:53', 0, -1),
(532, 18, 'USP-S | Guardian (Field-Tested)', 360466315, 'restricted', 54, 'USP-S | Страж', '2016-10-08 01:17:26', '2016-02-23 12:52:06', 0, -1),
(533, 18, 'USP-S | Overgrowth (Field-Tested)', 1548797385, 'restricted', 307, 'USP-S | Камуфляж (После полевых испытаний)', '2016-10-08 01:20:12', '2016-02-23 12:52:20', 0, 0),
(534, 18, 'USP-S | Road Rash (Field-Tested)', 1553774271, 'restricted', 550, 'USP-S | Следы асфальта (После полевых испытаний)', '2016-10-08 01:21:14', '2016-02-23 12:52:38', 0, 0),
(535, 18, 'USP-S | Dark Water (Field-Tested)', 310780210, 'restricted', 464, 'USP-S | Темная вода (После полевых испытаний)', '2016-10-08 01:20:38', '2016-02-23 12:52:49', 0, 0),
(536, 18, 'USP-S | Caiman (Field-Tested)', 1551370835, 'classified', 262, 'USP-S | Кайман (После полевых испытаний)', '2016-10-08 01:20:08', '2016-02-23 12:53:02', 0, 0),
(537, 18, 'USP-S | Orion (Field-Tested)', 1490630872, 'classified', 582, 'USP-S | Орион (После полевых испытаний)', '2016-10-08 01:21:04', '2016-02-23 12:53:15', 0, 0),
(538, 18, 'USP-S | Serum (Field-Tested)', 1542959050, 'classified', 400, 'USP-S | Сыворотка (После полевых испытаний)', '2016-10-08 01:20:32', '2016-02-23 12:53:29', 0, 0),
(539, 18, 'USP-S | Kill Confirmed (Field-Tested)', 1548813857, 'covert', 1641, 'USP-S | Подтвержденное убийство (После полевых испытаний)', '2016-10-08 01:21:48', '2016-02-23 12:54:38', 0, 0),
(540, 19, 'Glock-18 | Death Rattle (Field-Tested)', 469445908, 'common', 2, 'Glock-18 | Гремучая смерть (После полевых испытаний)', '2016-10-08 01:14:49', '2016-02-23 12:57:44', 0, 0),
(541, 19, 'Glock-18 | Sand Dune (Field-Tested)', 310777780, 'common', 54, 'Glock-18 | Песчаные дюны (После полевых испытаний)', '2016-10-08 01:17:53', '2016-02-23 12:58:01', 0, 0),
(542, 19, 'Glock-18 | Night (Field-Tested)', 1442379667, 'common', 15, 'Glock-18 | Ночь (После полевых испытаний)', '2016-10-08 01:16:22', '2016-02-23 12:58:36', 0, 0),
(543, 19, 'Glock-18 | Groundwater (Field-Tested)', 310776601, 'common', 47, 'Glock-18 | Грунтовая вода (После полевых испытаний)', '2016-10-08 01:18:08', '2016-02-23 12:58:52', 0, 0),
(544, 19, 'Glock-18 | Bunsen Burner (Field-Tested)', 1555900181, 'milspec', 13, 'Glock-18 | Горелка Бунзена (После полевых испытаний)', '2016-10-08 01:15:49', '2016-02-23 12:59:04', 0, -1),
(545, 19, 'Glock-18 | Catacombs (Field-Tested)', 1541160560, 'milspec', 12, 'Glock-18 | Захоронение (После полевых испытаний)', '2016-10-08 01:15:40', '2016-02-23 12:59:47', 0, -1),
(546, 19, 'Glock-18 | Reactor (Field-Tested)', 575563074, 'milspec', 98, 'Glock-18 | Реактор (После полевых испытаний)', '2016-10-08 01:18:53', '2016-02-23 13:00:00', 0, 0),
(547, 19, 'Glock-18 | Candy Apple (Field-Tested)', 310794479, 'milspec', 24, 'Glock-18 | Карамельное яблоко (После полевых испытаний)', '2016-10-08 01:17:08', '2016-02-23 13:00:16', 0, 0),
(548, 19, 'Glock-18 | Blue Fissure (Field-Tested)', 1553756346, 'milspec', 40, 'Glock-18 | Синяя трещина (После полевых испытаний)', '2016-10-08 01:17:15', '2016-02-23 13:01:41', 0, 0),
(549, 19, 'Glock-18 | Grinder (Field-Tested)', 638243697, 'restricted', 52, 'Glock-18 | Жернов (После полевых испытаний)', '2016-10-08 01:17:45', '2016-02-23 13:01:53', 0, -1),
(550, 19, 'Glock-18 | Fade (Factory New)', 1548102285, 'restricted', 18977, 'Glock-18 | Градиент (Прямо с завода)', '2016-10-08 01:24:44', '2016-02-23 13:02:15', 0, 0),
(551, 19, 'Glock-18 | Brass (Field-Tested)', 310780932, 'restricted', 125, 'Glock-18 | Латунь (После полевых испытаний)', '2016-10-08 01:18:57', '2016-02-23 13:02:27', 0, 0),
(552, 19, 'Glock-18 | Dragon Tattoo (Factory New)', 1542731865, 'restricted', 527, 'Glock-18 | Татуировка дракона (Прямо с завода)', '2016-10-08 01:20:50', '2016-02-23 13:02:42', 0, 0),
(553, 19, 'Glock-18 | Steel Disruption (Field-Tested)', 527659720, 'restricted', 65, 'Glock-18 | Ржавая сталь (После полевых испытаний)', '2016-10-08 01:18:32', '2016-02-23 13:02:55', 0, 0),
(554, 19, 'Glock-18 | Twilight Galaxy (Field-Tested)', 994257157, 'classified', 696, 'Glock-18 | Сумеречная галактика (После полевых испытаний)', '2016-10-08 01:21:34', '2016-02-23 13:03:10', 0, 0),
(555, 19, 'Glock-18 | Water Elemental (Field-Tested)', 1544364001, 'classified', 192, 'Glock-18 | Дух воды (После полевых испытаний)', '2016-10-08 01:19:46', '2016-02-23 13:03:28', 0, -1),
(556, 20, 'Desert Eagle | Night (Field-Tested)', 992115708, 'common', 21, 'Desert Eagle | Ночь (После полевых испытаний)', '2016-10-08 01:16:22', '2016-02-23 13:07:34', 0, 0),
(557, 20, 'Desert Eagle | Mudder (Field-Tested)', 310777314, 'common', 2, 'Desert Eagle | Осадок (После полевых испытаний)', '2016-10-08 01:14:50', '2016-02-23 13:07:47', 0, 0),
(558, 20, 'Desert Eagle | Midnight Storm (Field-Tested)', 992113431, 'common', 27, 'Desert Eagle | Ночная буря (После полевых испытаний)', '2016-10-08 01:16:46', '2016-02-23 13:08:01', 0, 0),
(559, 20, 'Desert Eagle | Bronze Deco (Field-Tested)', 937243362, 'milspec', 8, 'Desert Eagle | Бронзовая декорация (После полевых испытаний)', '2016-10-08 01:15:26', '2016-02-23 13:08:14', 0, -1),
(560, 20, 'Desert Eagle | Urban DDPAT (Field-Tested)', 1555985079, 'common', 15, 'Desert Eagle | Пиксельный камуфляж «Город» (После полевых испытаний)', '2016-10-08 01:16:23', '2016-02-23 13:11:44', 0, 0),
(561, 20, 'Desert Eagle | Urban Rubble (Field-Tested)', 310776804, 'milspec', 7, 'Desert Eagle | Городской щебень (После полевых испытаний)', '2016-10-08 01:15:41', '2016-02-23 13:12:22', 0, 0),
(562, 20, 'Desert Eagle | Meteorite (Field-Tested)', 469533216, 'milspec', 22, 'Desert Eagle | Метеорит (После полевых испытаний)', '2016-10-08 01:16:38', '2016-02-23 13:12:34', 0, 0),
(563, 20, 'Desert Eagle | Naga (Field-Tested)', 1555915585, 'restricted', 31, 'Desert Eagle | Нага (После полевых испытаний)', '2016-10-08 01:16:52', '2016-02-23 13:12:52', 0, -1),
(564, 20, 'Desert Eagle | Heirloom (Field-Tested)', 1241780253, 'restricted', 50, 'Desert Eagle | Наследие (После полевых испытаний)', '2016-10-08 01:18:03', '2016-02-23 13:13:07', 0, 0),
(565, 20, 'Desert Eagle | Crimson Web (Field-Tested)', 527642044, 'restricted', 76, 'Desert Eagle | Кровавая паутина (После полевых испытаний)', '2016-10-08 01:18:09', '2016-02-23 13:13:20', 0, 0),
(566, 20, 'Desert Eagle | Blaze (Factory New)', 792838555, 'restricted', 3591, 'Desert Eagle | Пламя (Прямо с завода)', '2016-10-08 01:22:13', '2016-02-23 13:13:40', 0, 0),
(567, 20, 'Desert Eagle | Hand Cannon (Field-Tested)', 519997985, 'restricted', 1709, 'Desert Eagle | Пищаль (После полевых испытаний)', '2016-10-08 01:21:46', '2016-02-23 13:13:57', 0, 0),
(568, 20, 'Desert Eagle | Pilot (Field-Tested)', 519986403, 'restricted', 779, 'Desert Eagle | Пилот (После полевых испытаний)', '2016-10-08 01:21:06', '2016-02-23 13:14:10', 0, 0),
(569, 20, 'Desert Eagle | Sunset Storm 壱 (Field-Tested)', 1544566613, 'restricted', 527, 'Desert Eagle | Буря на закате 壱 (После полевых испытаний)', '2016-10-08 01:20:58', '2016-02-23 13:15:12', 0, 0),
(570, 20, 'Desert Eagle | Sunset Storm 弐 (Field-Tested)', 992204697, 'restricted', 507, 'Desert Eagle | Буря на закате 弐 (После полевых испытаний)', '2016-10-08 01:21:05', '2016-02-23 13:15:28', 0, 0),
(571, 20, 'Desert Eagle | Conspiracy (Field-Tested)', 1541171395, 'classified', 136, 'Desert Eagle | Заговор (После полевых испытаний)', '2016-10-08 01:19:09', '2016-02-23 13:15:48', 0, 0),
(572, 20, 'Desert Eagle | Hypnotic (Factory New)', 310776810, 'classified', 649, 'Desert Eagle | Гипнотический (Прямо с завода)', '2016-10-08 01:20:54', '2016-02-23 13:16:01', 0, 0),
(573, 20, 'Desert Eagle | Cobalt Disruption (Minimal Wear)', 310778637, 'classified', 397, 'Desert Eagle | Ржавый кобальт (Немного поношенное)', '2016-10-08 01:20:29', '2016-02-23 13:16:21', 0, 0),
(574, 20, 'Desert Eagle | Kumicho Dragon (Field-Tested)', 1555902049, 'classified', 248, 'Desert Eagle | Kumicho Dragon (После полевых испытаний)', '2016-10-08 01:20:28', '2016-02-23 13:16:45', 0, 0),
(575, 21, 'M4A4 | Jungle Tiger (Field-Tested)', 310777030, 'common', 57, 'M4A4 | Тигр в джунглях (После полевых испытаний)', '2016-10-08 01:17:45', '2016-02-23 13:26:36', 0, 0),
(576, 21, 'M4A4 | Desert Storm (Field-Tested)', 310779780, 'common', 53, 'M4A4 | Песчаная буря (После полевых испытаний)', '2016-10-08 01:17:48', '2016-02-23 13:27:59', 0, 0),
(577, 21, 'M4A4 | Urban DDPAT (Field-Tested)', 310777185, 'common', 5, 'M4A4 | Пиксельный камуфляж «Город» (После полевых испытаний)', '2016-10-08 01:15:26', '2016-02-23 13:29:05', 0, 0),
(578, 21, 'M4A4 | Tornado (Field-Tested)', 310777521, 'common', 52, 'M4A4 | Смерч (После полевых испытаний)', '2016-10-08 01:17:28', '2016-02-23 13:29:59', 0, 0),
(579, 21, 'M4A4 | Faded Zebra (Field-Tested)', 1553812764, 'milspec', 55, 'M4A4 | Тусклые полосы (После полевых испытаний)', '2016-10-08 01:17:40', '2016-02-23 13:30:14', 0, 0),
(580, 21, 'M4A4 | Radiation Hazard (Field-Tested)', 1556072671, 'milspec', 324, 'M4A4 | Радиационная опасность (После полевых испытаний)', '2016-10-08 01:20:17', '2016-02-23 13:30:50', 0, 0),
(581, 21, 'M4A4 | Evil Daimyo (Field-Tested)', 1555901706, 'restricted', 75, 'M4A4 | Злобный дайме (После полевых испытаний)', '2016-10-08 01:18:15', '2016-02-23 13:31:08', 0, -1),
(582, 21, 'M4A4 | Griffin (Field-Tested)', 638241450, 'restricted', 99, 'M4A4 | Грифон (После полевых испытаний)', '2016-10-08 01:18:35', '2016-02-23 13:31:21', 0, 0),
(583, 21, 'M4A4 | Zirka (Field-Tested)', 1551615632, 'restricted', 267, 'M4A4 | Зірка (После полевых испытаний)', '2016-10-08 01:20:00', '2016-02-23 13:31:33', 0, 0),
(584, 21, 'M4A4 | Modern Hunter (Field-Tested)', 1551713805, 'restricted', 385, 'M4A4 | Современный охотник (После полевых испытаний)', '2016-10-08 01:20:37', '2016-02-23 13:31:44', 0, 0),
(585, 21, 'M4A4 | 龍王 (Dragon King) (Field-Tested)', 720318454, 'classified', 240, 'M4A4 | 龍王 (Король драконов) (После полевых испытаний)', '2016-10-08 01:19:57', '2016-02-23 13:32:44', 0, 0),
(586, 21, 'M4A4 | Poseidon (Field-Tested)', 992882969, 'classified', 6124, 'M4A4 | Посейдон (После полевых испытаний)', '2016-10-08 01:24:04', '2016-02-23 13:32:57', 0, 0),
(587, 21, 'M4A4 | Asiimov (Field-Tested)', 1543976869, 'covert', 2479, 'M4A4 | Азимов (После полевых испытаний)', '2016-10-08 01:22:14', '2016-02-23 13:33:10', 0, 0),
(588, 21, 'M4A4 | Desert-Strike (Field-Tested)', 1551350369, 'covert', 142, 'M4A4 | Пустынная атака (После полевых испытаний)', '2016-10-08 01:19:27', '2016-02-23 13:34:33', 0, 0),
(589, 21, 'M4A4 | Bullet Rain (Field-Tested)', 1544369049, 'covert', 373, 'M4A4 | Дождь из пуль (После полевых испытаний)', '2016-10-08 01:20:48', '2016-02-23 13:35:02', 0, -1),
(590, 21, 'M4A4 | The Battlestar (Field-Tested)', 1556804485, 'covert', 307, 'M4A4 | The Battlestar (После полевых испытаний)', '2016-10-08 01:21:02', '2016-02-23 13:35:24', 0, 0),
(591, 22, 'M4A1-S | Boreal Forest (Field-Tested)', 1555902897, 'common', 7, 'M4A1-S | Северный лес (После полевых испытаний)', '2016-10-08 01:16:08', '2016-02-23 13:37:43', 0, 0),
(592, 22, 'M4A1-S | Blood Tiger (Field-Tested)', 1553777447, 'milspec', 129, 'M4A1-S | Кровавый тигр (После полевых испытаний)', '2016-10-08 01:19:03', '2016-02-23 13:38:15', 0, 0),
(593, 22, 'M4A1-S | VariCamo (Field-Tested)', 1555901752, 'milspec', 16, 'M4A1-S | Смешанный камуфляж', '2016-10-08 01:16:57', '2016-02-23 13:38:26', 0, -1),
(594, 22, 'M4A1-S | Basilisk (Field-Tested)', 1556823055, 'restricted', 105, 'M4A1-S | Василиск (После полевых испытаний)', '2016-10-08 01:18:50', '2016-02-23 13:38:43', 0, 0),
(595, 22, 'M4A1-S | Bright Water (Field-Tested)', 1211127980, 'restricted', 304, 'M4A1-S | Чистая вода (После полевых испытаний)', '2016-10-08 01:20:19', '2016-02-23 13:38:57', 0, -1),
(596, 22, 'M4A1-S | Dark Water (Field-Tested)', 310777443, 'restricted', 479, 'M4A1-S | Темная вода (После полевых испытаний)', '2016-10-08 01:20:42', '2016-02-23 13:39:17', 0, 0),
(597, 22, 'M4A1-S | Icarus Fell (Factory New)', 992128244, 'restricted', 4036, 'M4A1-S | Падение Икара (Прямо с завода)', '2016-10-08 01:23:58', '2016-02-23 13:39:32', 0, 0),
(598, 22, 'M4A1-S | Guardian (Field-Tested)', 1543156305, 'classified', 344, 'M4A1-S | Страж (После полевых испытаний)', '2016-10-08 01:20:34', '2016-02-23 13:39:45', 0, 0),
(599, 22, 'M4A1-S | Knight (Minimal Wear)', 520032343, 'classified', 16053, 'M4A1-S | Рыцарь (Немного поношенное)', '2016-10-08 01:24:42', '2016-02-23 13:40:05', 0, 0),
(600, 22, 'M4A1-S | Atomic Alloy (Field-Tested)', 1555920822, 'classified', 208, 'M4A1-S | Атомный сплав (После полевых испытаний)', '2016-10-08 01:19:59', '2016-02-23 13:40:19', 0, 0),
(601, 22, 'M4A1-S | Hot Rod (Factory New)', 992174037, 'classified', 5436, 'M4A1-S | Хот-род (Прямо с завода)', '2016-10-08 01:24:13', '2016-02-23 13:40:40', 0, 0),
(602, 22, 'M4A1-S | Master Piece (Field-Tested)', 519991230, 'classified', 2223, 'M4A1-S | Шедевр (После полевых испытаний)', '2016-10-08 01:23:35', '2016-02-23 13:40:55', 0, 0),
(603, 22, 'M4A1-S | Cyrex (Field-Tested)', 1449443544, 'covert', 534, 'M4A1-S | Сайрекс (После полевых испытаний)', '2016-10-08 01:21:17', '2016-02-23 13:41:07', 0, 0),
(604, 22, 'M4A1-S | Hyper Beast (Field-Tested)', 937306045, 'covert', 747, 'M4A1-S | Скоростной зверь (После полевых испытаний)', '2016-10-08 01:21:33', '2016-02-23 13:42:18', 0, 0),
(605, 22, 'M4A1-S | Golden Coil (Field-Tested)', 1443610288, 'covert', 1044, 'M4A1-S | Золотая спираль (После полевых испытаний)', '2016-10-08 01:21:50', '2016-02-23 13:42:45', 0, 0),
(606, 23, 'AK-47 | Safari Mesh (Field-Tested)', 310777321, 'common', 8, 'AK-47 | Африканская сетка (После полевых испытаний)', '2016-10-08 01:15:45', '2016-02-23 13:43:35', 0, 0),
(607, 23, 'AK-47 | Jungle Spray (Field-Tested)', 1555919632, 'common', 53, 'AK-47 | Цвет джунглей (После полевых испытаний)', '2016-10-08 01:17:59', '2016-02-23 13:43:50', 0, 0),
(608, 23, 'AK-47 | Predator (Field-Tested)', 1555906954, 'common', 62, 'AK-47 | Хищник (После полевых испытаний)', '2016-10-08 01:18:04', '2016-02-23 13:44:02', 0, 0),
(609, 23, 'AK-47 | Elite Build (Field-Tested)', 1551351933, 'milspec', 37, 'AK-47 | Элитное снаряжение (После полевых испытаний)', '2016-10-08 01:16:52', '2016-02-23 13:44:57', 0, -1),
(610, 23, 'AK-47 | Black Laminate (Field-Tested)', 1449809629, 'milspec', 497, 'AK-47 | Черный глянец (После полевых испытаний)', '2016-10-08 01:20:44', '2016-02-23 13:45:09', 0, 0),
(611, 23, 'AK-47 | Blue Laminate (Field-Tested)', 1551731850, 'restricted', 166, 'AK-47 | Синий глянец (После полевых испытаний)', '2016-10-08 01:19:12', '2016-02-23 13:45:27', 0, 0),
(612, 23, 'AK-47 | First Class (Field-Tested)', 520005470, 'restricted', 662, 'AK-47 | Первый класс (После полевых испытаний)', '2016-10-08 01:20:57', '2016-02-23 13:46:37', 0, 0),
(613, 23, 'AK-47 | Emerald Pinstripe (Field-Tested)', 1555901535, 'restricted', 84, 'AK-47 | Изумрудные завитки (После полевых испытаний)', '2016-10-08 01:18:42', '2016-02-23 13:46:51', 0, 0),
(614, 23, 'AK-47 | Cartel (Field-Tested)', 720320344, 'classified', 166, 'AK-47 | Картель (После полевых испытаний)', '2016-10-08 01:27:33', '2016-02-23 13:47:04', 0, -1),
(615, 23, 'AK-47 | Redline (Field-Tested)', 1553749456, 'classified', 391, 'AK-47 | Красная линия', '2016-10-08 01:20:40', '2016-02-23 13:47:18', 0, -1),
(616, 23, 'AK-47 | Case Hardened (Field-Tested)', 310779955, 'classified', 1640, 'AK-47 | Поверхностная закалка (После полевых испытаний)', '2016-10-08 01:22:02', '2016-02-23 13:47:48', 0, 0),
(617, 23, 'AK-47 | Red Laminate (Field-Tested)', 1547432729, 'classified', 488, 'AK-47 | Красный глянец (После полевых испытаний)', '2016-10-08 01:20:53', '2016-02-23 13:48:40', 0, 0),
(618, 23, 'AK-47 | Jet Set (Field-Tested)', 520019490, 'classified', 1886, 'AK-47 | Путешественник (После полевых испытаний)', '2016-10-08 01:22:00', '2016-02-23 13:48:52', 0, 0),
(619, 23, 'AK-47 | Frontside Misty (Field-Tested)', 1549902508, 'classified', 581, 'AK-47 | Снежный вихрь (После полевых испытаний)', '2016-10-08 01:21:09', '2016-02-23 13:49:05', 0, 0),
(620, 23, 'AK-47 | Point Disarray (Field-Tested)', 1555921283, 'classified', 685, 'AK-47 | Буйство красок (После полевых испытаний)', '2016-10-08 01:21:29', '2016-02-23 13:49:16', 0, 0),
(621, 23, 'AK-47 | Hydroponic (Field-Tested)', 1208892232, 'classified', 2902, 'AK-47 | Гидропоника (После полевых испытаний)', '2016-10-08 01:23:30', '2016-02-23 13:49:28', 0, 0),
(622, 23, 'AK-47 | Fire Serpent (Field-Tested)', 1552146457, 'covert', 12584, 'AK-47 | Огненный змей (После полевых испытаний)', '2016-10-08 01:24:33', '2016-02-23 13:49:41', 0, 0),
(623, 23, 'AK-47 | Vulcan (Field-Tested)', 825659014, 'covert', 1486, 'AK-47 | Вулкан (После полевых испытаний)', '2016-10-08 01:21:53', '2016-02-23 13:50:03', 0, 0),
(624, 23, 'AK-47 | Wasteland Rebel (Field-Tested)', 1361668195, 'covert', 1183, 'AK-47 | Пустынный повстанец (После полевых испытаний)', '2016-10-08 01:21:38', '2016-02-23 13:50:32', 0, 0),
(625, 23, 'AK-47 | Aquamarine Revenge (Field-Tested)', 1478023613, 'covert', 1024, 'AK-47 | Аквамариновая месть (После полевых испытаний)', '2016-10-08 01:21:45', '2016-02-23 13:50:46', 0, 0),
(626, 23, 'AK-47 | Jaguar (Field-Tested)', 527704154, 'covert', 720, 'AK-47 | Ягуар (После полевых испытаний)', '2016-10-08 01:21:26', '2016-02-23 13:51:01', 0, 0),
(627, 23, 'AK-47 | Fuel Injector (Field-Tested)', 1551353490, 'covert', 2042, 'AK-47 | Fuel Injector (После полевых испытаний)', '2016-10-08 01:14:48', '2016-02-23 13:51:11', 0, 0),
(628, 24, 'AWP | Sun in Leo (Field-Tested)', 992141248, 'common', 132, 'AWP | Солнце в знаке Льва (После полевых испытаний)', '2016-10-08 01:19:32', '2016-02-23 14:04:07', 0, 0),
(629, 24, 'AWP | Safari Mesh (Field-Tested)', 310776566, 'common', 8, 'AWP | Африканская сетка (После полевых испытаний)', '2016-10-08 01:15:58', '2016-02-23 14:04:20', 0, 0),
(630, 24, 'AWP | Snake Camo (Field-Tested)', 310782187, 'milspec', 333, 'AWP | Змеиная кожа (После полевых испытаний)', '2016-10-08 01:20:16', '2016-02-23 14:04:47', 0, 0),
(631, 24, 'AWP | Worm God (Field-Tested)', 1551349680, 'restricted', 56, 'AWP | Бог червей (После полевых испытаний)', '2016-10-08 01:18:20', '2016-02-23 14:04:59', 0, -1),
(632, 24, 'AWP | Pit Viper (Field-Tested)', 1546458525, 'restricted', 55, 'AWP | Гадюка (После полевых испытаний)', '2016-10-08 01:18:38', '2016-02-23 14:05:10', 0, -1),
(633, 24, 'AWP | Pink DDPAT (Field-Tested)', 519987130, 'restricted', 762, 'AWP | Пиксельный камуфляж «Розовый» (После полевых испытаний)', '2016-10-08 01:21:31', '2016-02-23 14:05:30', 0, 0),
(634, 24, 'AWP | BOOM (Field-Tested)', 1548947887, 'classified', 1110, 'AWP | БАХ (После полевых испытаний)', '2016-10-08 01:21:41', '2016-02-23 14:06:23', 0, 0),
(635, 24, 'AWP | Corticera (Field-Tested)', 1418455693, 'classified', 343, 'AWP | Кортисейра (После полевых испытаний)', '2016-10-08 01:20:47', '2016-02-23 14:07:28', 0, 0),
(636, 24, 'AWP | Graphite (Factory New)', 1436985423, 'classified', 2458, 'AWP | Графит (Прямо с завода)', '2016-10-08 01:22:08', '2016-02-23 14:07:58', 0, 0),
(637, 24, 'AWP | Redline (Field-Tested)', 310776954, 'classified', 598, 'AWP | Красная линия (После полевых испытаний)', '2016-10-08 01:21:18', '2016-02-23 14:08:12', 0, 0),
(638, 24, 'AWP | Electric Hive (Field-Tested)', 310778355, 'classified', 631, 'AWP | Электрический улей (После полевых испытаний)', '2016-10-08 01:21:12', '2016-02-23 14:08:30', 0, 0),
(639, 24, 'AWP | Elite Build (Field-Tested)', 1555908416, 'classified', 261, 'AWP | Элитное снаряжение (После полевых испытаний)', '2016-10-08 01:20:56', '2016-02-23 14:08:42', 0, 0),
(640, 24, 'AWP | Medusa (Field-Tested)', 992131468, 'covert', 30810, 'AWP | Медуза (После полевых испытаний)', '2016-10-08 01:24:50', '2016-02-23 14:10:39', 0, 0),
(641, 24, 'AWP | Hyper Beast (Field-Tested)', 1104997295, 'covert', 1432, 'AWP | Скоростной зверь (После полевых испытаний)', '2016-10-08 01:21:57', '2016-02-23 14:10:54', 0, 0),
(642, 24, 'AWP | Asiimov (Field-Tested)', 360479494, 'covert', 2154, 'AWP | Азимов (После полевых испытаний)', '2016-10-08 01:22:05', '2016-02-23 14:11:06', 0, 0),
(643, 24, 'AWP | Man-o''-war (Field-Tested)', 720405753, 'covert', 612, 'AWP | Боец (После полевых испытаний)', '2016-10-08 01:21:23', '2016-02-23 14:11:19', 0, 0),
(644, 24, 'AWP | Lightning Strike (Factory New)', 1228366953, 'covert', 3688, 'AWP | Удар молнии (Прямо с завода)', '2016-10-08 01:22:21', '2016-02-23 14:11:31', 0, 0),
(645, 24, 'AWP | Dragon Lore (Field-Tested)', 520020768, 'covert', 29463, 'AWP | История о драконе (После полевых испытаний)', '2016-10-08 01:24:52', '2016-02-23 14:11:54', 0, 0),
(646, 25, 'M4A4 | Faded Zebra (Field-Tested)', 310776579, 'milspec', 55, 'M4A4 | Тусклые полосы (После полевых испытаний)', '2016-10-08 01:17:40', '2016-02-23 14:28:41', 0, 0),
(647, 25, 'MAG-7 | Memento (Field-Tested)', 310777060, 'milspec', 52, 'MAG-7 | Объемные шестиугольники (После полевых испытаний)', '2016-10-08 01:17:35', '2016-02-23 14:28:59', 0, 0),
(648, 25, 'FAMAS | Doomkitty (Field-Tested)', 1553811216, 'milspec', 46, 'FAMAS | Смертенок (После полевых испытаний)', '2016-10-08 01:17:55', '2016-02-23 14:29:10', 0, 0),
(649, 25, 'Galil AR | Orange DDPAT (Field-Tested)', 310776829, 'restricted', 167, 'Galil AR | Пиксельный камуфляж «Ржавчина» (После полевых испытаний)', '2016-10-08 01:19:39', '2016-02-23 14:29:25', 0, 0),
(650, 25, 'Sawed-Off | Orange DDPAT (Field-Tested)', 310777207, 'restricted', 157, 'Sawed-Off | Пиксельный камуфляж «Ржавчина» (После полевых испытаний)', '2016-10-08 01:19:33', '2016-02-23 14:29:40', 0, 0),
(651, 25, 'P250 | Splash (Field-Tested)', 1552169091, 'restricted', 258, 'P250 | Пятно (После полевых испытаний)', '2016-10-08 01:19:42', '2016-02-23 14:29:58', 0, 0),
(652, 25, 'AK-47 | Red Laminate (Field-Tested)', 1545687975, 'classified', 488, 'AK-47 | Красный глянец (После полевых испытаний)', '2016-10-08 01:20:53', '2016-02-23 14:30:18', 0, 0),
(653, 25, 'AWP | BOOM (Field-Tested)', 310779804, 'classified', 1110, 'AWP | БАХ (После полевых испытаний)', '2016-10-08 01:21:41', '2016-02-23 14:30:30', 0, 0),
(654, 25, 'P90 | Death by Kitty (Field-Tested)', 310779768, 'covert', 1279, 'P90 | Смертоносные кошечки (После полевых испытаний)', '2016-10-08 01:21:49', '2016-02-23 14:30:42', 0, 0),
(655, 25, '★ Karambit | Case Hardened (Field-Tested)', 1544452682, 'covert', 12823, '★ Керамбит | Поверхностная закалка (После полевых испытаний)', '2016-10-08 01:24:38', '2016-02-23 14:30:56', 0, 0),
(656, 25, '★ Gut Knife | Safari Mesh (Field-Tested)', 313007698, 'covert', 2560, '★ Нож с лезвием-крюком | Африканская сетка (После полевых испытаний)', '2016-10-08 01:22:12', '2016-02-23 14:31:15', 0, 0),
(657, 25, '★ Karambit | Blue Steel (Field-Tested)', 313674416, 'covert', 13072, '★ Керамбит | Вороненая сталь (После полевых испытаний)', '2016-10-08 01:24:41', '2016-02-23 14:31:33', 0, 0),
(658, 26, 'Galil AR | Blue Titanium (Factory New)', 310776753, 'milspec', 25, 'Galil AR | Синий титан (Прямо с завода)', '2016-10-08 01:16:59', '2016-02-23 14:34:04', 0, 0),
(659, 26, 'Five-SeveN | Nightshade (Field-Tested)', 1555934977, 'milspec', 17, 'Five-SeveN | Паслен (После полевых испытаний)', '2016-10-08 01:16:39', '2016-02-23 14:34:17', 0, 0),
(660, 26, 'PP-Bizon | Water Sigil (Field-Tested)', 1555924927, 'milspec', 15, 'ПП-19 Бизон | Знак воды (После полевых испытаний)', '2016-10-08 01:16:26', '2016-02-23 14:34:29', 0, 0),
(661, 26, 'Nova | Ghost Camo (Field-Tested)', 1555901847, 'milspec', 20, 'Nova | Призрачный камуфляж (После полевых испытаний)', '2016-10-08 01:16:29', '2016-02-23 14:34:42', 0, 0),
(662, 26, 'G3SG1 | Azure Zebra (Field-Tested)', 310778363, 'milspec', 22, 'G3SG1 | Лазурная зебра (После полевых испытаний)', '2016-10-08 01:16:48', '2016-02-23 14:34:54', 0, 0),
(663, 26, 'P250 | Steel Disruption (Field-Tested)', 310779881, 'milspec', 17, 'P250 | Ржавая сталь (После полевых испытаний)', '2016-10-08 01:16:30', '2016-02-23 14:35:56', 0, 0),
(664, 26, 'AK-47 | Blue Laminate (Field-Tested)', 1556767979, 'restricted', 166, 'AK-47 | Синий глянец (После полевых испытаний)', '2016-10-08 01:19:12', '2016-02-23 14:36:08', 0, 0),
(665, 26, 'P90 | Blind Spot (Field-Tested)', 1555919865, 'restricted', 54, 'P90 | Слепое пятно (После полевых испытаний)', '2016-10-08 01:18:17', '2016-02-23 14:36:19', 0, 0),
(666, 26, 'FAMAS | Afterimage (Field-Tested)', 1546465589, 'classified', 142, 'FAMAS | Остаточное изображение (После полевых испытаний)', '2016-10-08 01:19:38', '2016-02-23 14:36:32', 0, 0),
(667, 26, 'AWP | Electric Hive (Field-Tested)', 1556489295, 'classified', 631, 'AWP | Электрический улей (После полевых испытаний)', '2016-10-08 01:21:12', '2016-02-23 14:36:44', 0, 0),
(668, 26, 'Desert Eagle | Cobalt Disruption (Field-Tested)', 310777915, 'classified', 413, 'Desert Eagle | Ржавый кобальт (После полевых испытаний)', '2016-10-08 01:20:25', '2016-02-23 14:37:08', 0, 0),
(669, 26, 'M4A4 | X-Ray (Field-Tested)', 310779194, 'covert', 322, 'M4A4 | Рентген (После полевых испытаний)', '2016-10-08 01:20:24', '2016-02-23 14:37:21', 0, 0),
(670, 26, '★ Bayonet | Tiger Tooth (Factory New)', 1554496718, 'covert', 17615, '★ Штык-нож | Зуб тигра (Прямо с завода)', '2016-10-08 01:24:47', '2016-02-23 14:37:36', 0, 0),
(671, 26, '★ Huntsman Knife | Scorched (Field-Tested)', 469767860, 'covert', 3262, '★ Охотничий нож | Сажа (После полевых испытаний)', '2016-10-08 01:23:33', '2016-02-23 14:38:42', 0, 0),
(672, 27, 'MP7 | Skulls (Field-Tested)', 1553781730, 'milspec', 63, 'MP7 | Черепа (После полевых испытаний)', '2016-10-08 01:18:11', '2016-02-23 14:48:09', 0, 0),
(673, 27, 'AUG | Wings (Factory New)', 310776603, 'milspec', 70, 'AUG | Крылья (Прямо с завода)', '2016-10-08 01:18:05', '2016-02-23 14:48:22', 0, 0),
(674, 27, 'SG 553 | Ultraviolet (Field-Tested)', 310777540, 'milspec', 68, 'SG 553 | Ультрафиолет (После полевых испытаний)', '2016-10-08 01:17:46', '2016-02-23 14:48:34', 0, 0),
(675, 27, 'Glock-18 | Dragon Tattoo (Factory New)', 310776658, 'restricted', 527, 'Glock-18 | Татуировка дракона (Прямо с завода)', '2016-10-08 01:20:50', '2016-02-23 14:48:47', 0, 0),
(676, 27, 'USP-S | Dark Water (Field-Tested)', 310780210, 'restricted', 464, 'USP-S | Темная вода (После полевых испытаний)', '2016-10-08 01:20:38', '2016-02-23 14:49:02', 0, 0),
(677, 27, 'M4A1-S | Dark Water (Field-Tested)', 1392451529, 'restricted', 479, 'M4A1-S | Темная вода (После полевых испытаний)', '2016-10-08 01:20:42', '2016-02-23 14:49:21', 0, 0),
(678, 27, 'AK-47 | Case Hardened (Field-Tested)', 1393813291, 'classified', 1640, 'AK-47 | Поверхностная закалка (После полевых испытаний)', '2016-10-08 01:22:02', '2016-02-23 14:49:35', 0, 0),
(679, 27, 'Desert Eagle | Hypnotic (Factory New)', 310776810, 'classified', 649, 'Desert Eagle | Гипнотический (Прямо с завода)', '2016-10-08 01:20:54', '2016-02-23 14:49:47', 0, 0),
(680, 27, 'AWP | Lightning Strike (Factory New)', 310777496, 'covert', 3688, 'AWP | Удар молнии (Прямо с завода)', '2016-10-08 01:22:21', '2016-02-23 14:50:00', 0, 0),
(681, 27, '★ Flip Knife | Safari Mesh (Field-Tested)', 310849387, 'covert', 3063, '★ Складной нож | Африканская сетка (После полевых испытаний)', '2016-10-08 01:22:19', '2016-02-23 14:50:39', 0, 0),
(682, 27, '★ Gut Knife | Safari Mesh (Field-Tested)', 1542854854, 'covert', 2560, '★ Нож с лезвием-крюком | Африканская сетка (После полевых испытаний)', '2016-10-08 01:22:12', '2016-02-23 14:50:55', 0, 0),
(683, 27, '★ Karambit | Safari Mesh (Field-Tested)', 1551674886, 'covert', 7181, '★ Керамбит | Африканская сетка (После полевых испытаний)', '2016-10-08 01:24:11', '2016-02-23 14:51:08', 0, 0),
(684, 28, 'MAC-10 | Lapis Gator (Field-Tested)', 1555898547, 'milspec', 7, 'MAC-10 | Lapis Gator (После полевых испытаний)', '2016-10-08 01:15:42', '2016-02-23 14:53:51', 0, 0),
(685, 28, 'PP-Bizon | Photic Zone (Field-Tested)', 1551348862, 'milspec', 7, 'ПП-19 Бизон | Photic Zone (После полевых испытаний)', '2016-10-08 01:15:42', '2016-02-23 14:54:02', 0, 0),
(686, 28, 'Tec-9 | Jambiya (Field-Tested)', 1555902162, 'milspec', 7, 'Tec-9 | Jambiya (После полевых испытаний)', '2016-10-08 01:15:43', '2016-02-23 14:54:12', 0, 0),
(687, 28, 'Dual Berettas | Cartel (Field-Tested)', 1555902283, 'milspec', 7, 'Dual Berettas | Картель (После полевых испытаний)', '2016-10-08 01:15:44', '2016-02-23 14:54:23', 0, 0),
(688, 28, 'SSG 08 | Necropos (Field-Tested)', 1544365333, 'milspec', 9, 'SSG 08 | Necropos (После полевых испытаний)', '2016-10-08 01:15:45', '2016-02-23 14:54:33', 0, 0),
(689, 28, 'USP-S | Lead Conduit (Field-Tested)', 1555899708, 'milspec', 15, 'USP-S | Lead Conduit (После полевых испытаний)', '2016-10-08 01:16:09', '2016-02-23 14:54:47', 0, 0),
(690, 28, 'MP7 | Impire (Field-Tested)', 1551351780, 'restricted', 25, 'MP7 | Impire (После полевых испытаний)', '2016-10-08 01:17:26', '2016-02-23 14:55:16', 0, 0),
(691, 28, 'MAG-7 | Praetorian (Field-Tested)', 1555901630, 'restricted', 24, 'MAG-7 | Praetorian (После полевых испытаний)', '2016-10-08 01:17:28', '2016-02-23 14:55:26', 0, 0),
(692, 28, 'Glock-18 | Royal Legion (Field-Tested)', 1555900301, 'restricted', 32, 'Glock-18 | Royal Legion (После полевых испытаний)', '2016-10-08 01:17:29', '2016-02-23 14:55:36', 0, 0),
(693, 28, 'FAMAS | Valence (Field-Tested)', 1555907729, 'restricted', 45, 'FAMAS | Валентность (После полевых испытаний)', '2016-10-08 01:18:21', '2016-02-23 14:55:45', 0, 0),
(694, 28, 'Five-SeveN | Triumvirate (Field-Tested)', 1555899630, 'restricted', 24, 'Five-SeveN | Triumvirate (После полевых испытаний)', '2016-10-08 01:17:27', '2016-02-23 14:56:00', 0, 0),
(695, 28, 'Nova | Hyper Beast (Field-Tested)', 1551362160, 'classified', 156, 'Nova | Скоростной зверь (После полевых испытаний)', '2016-10-08 01:19:43', '2016-02-23 14:56:21', 0, 0),
(696, 28, 'Desert Eagle | Kumicho Dragon (Field-Tested)', 1546461999, 'classified', 248, 'Desert Eagle | Kumicho Dragon (После полевых испытаний)', '2016-10-08 01:20:28', '2016-02-23 14:56:34', 0, 0),
(697, 28, 'AWP | Elite Build (Field-Tested)', 1548799295, 'classified', 261, 'AWP | Элитное снаряжение (После полевых испытаний)', '2016-10-08 01:20:56', '2016-02-23 14:56:44', 0, 0),
(698, 28, 'M4A4 | The Battlestar (Field-Tested)', 1553772522, 'covert', 307, 'M4A4 | The Battlestar (После полевых испытаний)', '2016-10-08 01:21:02', '2016-02-23 14:57:03', 0, 0),
(699, 28, 'AK-47 | Fuel Injector (Field-Tested)', 1553755954, 'covert', 2042, 'AK-47 | Fuel Injector (После полевых испытаний)', '2016-10-08 01:14:48', '2016-02-23 14:57:13', 0, 0),
(700, 28, '★ Bowie Knife | Safari Mesh (Field-Tested)', 1544371614, 'covert', 3200, '★ Bowie Knife | Африканская сетка (После полевых испытаний)', '2016-10-08 01:23:42', '2016-02-23 14:58:11', 0, 0),
(701, 28, '★ Bowie Knife | Night (Field-Tested)', 1551880737, 'covert', 5501, '★ Bowie Knife | Ночь (После полевых испытаний)', '2016-10-08 01:24:12', '2016-02-23 14:58:34', 0, 0),
(702, 29, 'Negev | Bratatat (Field-Tested)', 527638624, 'milspec', 15, 'Negev | Тра-та-та (После полевых испытаний)', '2016-10-08 01:16:16', '2016-02-23 15:01:31', 0, 0),
(703, 29, 'USP-S | Blood Tiger (Field-Tested)', 527657687, 'milspec', 40, 'USP-S | Кровавый тигр (После полевых испытаний)', '2016-10-08 01:17:09', '2016-02-23 15:01:42', 0, -1),
(704, 29, 'SSG 08 | Dark Water (Field-Tested)', 1555917852, 'milspec', 16, 'SSG 08 | Темная вода (После полевых испытаний)', '2016-10-08 01:16:14', '2016-02-23 15:01:53', 0, 0),
(705, 29, 'XM1014 | Red Python (Field-Tested)', 527638925, 'milspec', 9, 'XM1014 | Красный питон (После полевых испытаний)', '2016-10-08 01:16:05', '2016-02-23 15:02:02', 0, 0),
(706, 29, 'CZ75-Auto | Hexane (Field-Tested)', 1553772885, 'milspec', 12, 'CZ75-Auto | Гексан (После полевых испытаний)', '2016-10-08 01:16:24', '2016-02-23 15:02:16', 0, 0),
(707, 29, 'MAC-10 | Ultraviolet (Field-Tested)', 527639847, 'milspec', 10, 'MAC-10 | Ультрафиолет (После полевых испытаний)', '2016-10-08 01:16:06', '2016-02-23 15:02:26', 0, 0),
(708, 29, 'Glock-18 | Steel Disruption (Field-Tested)', 527659720, 'restricted', 65, 'Glock-18 | Ржавая сталь (После полевых испытаний)', '2016-10-08 01:18:32', '2016-02-23 15:02:42', 0, 0),
(709, 29, 'Desert Eagle | Crimson Web (Field-Tested)', 527642044, 'restricted', 76, 'Desert Eagle | Кровавая паутина (После полевых испытаний)', '2016-10-08 01:18:09', '2016-02-23 15:02:53', 0, 0),
(710, 29, 'PP-Bizon | Blue Streak (Field-Tested)', 527647882, 'restricted', 28, 'ПП-19 Бизон | Синяя струя (После полевых испытаний)', '2016-10-08 01:17:24', '2016-02-23 15:03:03', 0, 0),
(711, 29, 'P90 | Virus (Field-Tested)', 527638387, 'restricted', 28, 'P90 | Вирус (После полевых испытаний)', '2016-10-08 01:17:31', '2016-02-23 15:03:11', 0, 0),
(712, 29, 'P2000 | Corticera (Field-Tested)', 1553763160, 'classified', 157, 'P2000 | Кортисейра (После полевых испытаний)', '2016-10-08 01:19:18', '2016-02-23 15:03:31', 0, 0),
(713, 29, 'AUG | Bengal Tiger (Field-Tested)', 527657654, 'classified', 108, 'AUG | Бенгальский тигр (После полевых испытаний)', '2016-10-08 01:19:15', '2016-02-23 15:03:41', 0, 0),
(714, 29, 'Nova | Bloomstick (Field-Tested)', 1551415358, 'classified', 111, 'Nova | Расцветающая ветка (После полевых испытаний)', '2016-10-08 01:19:07', '2016-02-23 15:03:51', 0, 0),
(715, 29, 'AWP | Corticera (Field-Tested)', 1552894145, 'classified', 343, 'AWP | Кортисейра (После полевых испытаний)', '2016-10-08 01:20:47', '2016-02-23 15:04:02', 0, 0),
(716, 29, 'M4A4 | Bullet Rain (Field-Tested)', 527712977, 'covert', 373, 'M4A4 | Дождь из пуль (После полевых испытаний)', '2016-10-08 01:20:48', '2016-02-23 15:04:27', 0, -1),
(717, 29, 'AK-47 | Jaguar (Field-Tested)', 527704154, 'covert', 720, 'AK-47 | Ягуар (После полевых испытаний)', '2016-10-08 01:21:26', '2016-02-23 15:04:40', 0, 0),
(718, 29, '★ Bayonet | Safari Mesh (Field-Tested)', 312110943, 'covert', 3848, '★ Штык-нож | Африканская сетка (После полевых испытаний)', '2016-10-08 01:23:44', '2016-02-23 15:05:11', 0, 0),
(719, 29, '★ M9 Bayonet | Boreal Forest (Field-Tested)', 313793448, 'covert', 5341, '★ Штык-нож M9 | Северный лес (После полевых испытаний)', '2016-10-08 01:23:56', '2016-02-23 15:05:55', 0, 0),
(721, 30, 'P2000 | Red FragCam (Field-Tested)', 1548839137, 'milspec', 10, 'P2000 | Красные фрагменты (После полевых испытаний)', '2016-10-08 01:16:14', '2016-02-23 15:09:14', 0, 0),
(722, 30, 'CZ75-Auto | Crimson Web (Field-Tested)', 1551377395, 'milspec', 15, 'CZ75-Auto | Кровавая паутина (После полевых испытаний)', '2016-10-08 01:16:31', '2016-02-23 15:09:28', 0, 0),
(723, 30, 'Dual Berettas | Panther (Field-Tested)', 1546496387, 'milspec', 12, 'Dual Berettas | Пантера (После полевых испытаний)', '2016-10-08 01:16:25', '2016-02-23 15:09:41', 0, 0),
(724, 30, 'USP-S | Stainless (Field-Tested)', 350474641, 'milspec', 109, 'USP-S | Нержавейка (После полевых испытаний)', '2016-10-08 01:18:34', '2016-02-23 15:09:56', 0, 0);
INSERT INTO `items` (`id`, `case_id`, `market_hash_name`, `classid`, `type`, `price`, `market_name`, `updated_at`, `created_at`, `status`, `counts`) VALUES
(725, 30, 'Glock-18 | Blue Fissure (Field-Tested)', 350462817, 'milspec', 40, 'Glock-18 | Синяя трещина (После полевых испытаний)', '2016-10-08 01:17:15', '2016-02-23 15:10:08', 0, 0),
(726, 30, 'CZ75-Auto | Tread Plate (Field-Tested)', 350568797, 'restricted', 35, 'CZ75-Auto | Листовая сталь (После полевых испытаний)', '2016-10-08 01:17:55', '2016-02-23 15:10:53', 0, 0),
(727, 30, 'Tec-9 | Titanium Bit (Field-Tested)', 350476352, 'restricted', 39, 'Tec-9 | Частица титана (После полевых испытаний)', '2016-10-08 01:18:20', '2016-02-23 15:11:19', 0, 0),
(728, 30, 'Desert Eagle | Heirloom (Field-Tested)', 1553766754, 'restricted', 50, 'Desert Eagle | Наследие (После полевых испытаний)', '2016-10-08 01:18:03', '2016-02-23 15:11:31', 0, 0),
(729, 30, 'Five-SeveN | Copper Galaxy (Field-Tested)', 350513252, 'restricted', 60, 'Five-SeveN | Медная галактика (После полевых испытаний)', '2016-10-08 01:18:26', '2016-02-23 15:11:45', 0, 0),
(730, 30, 'CZ75-Auto | The Fuschia Is Now (Field-Tested)', 1556160010, 'classified', 116, 'CZ75-Auto | Новая фуксия (После полевых испытаний)', '2016-10-08 01:19:28', '2016-02-23 15:12:27', 0, 0),
(731, 30, 'P250 | Undertow (Field-Tested)', 350662197, 'classified', 220, 'P250 | Цвета прибоя (После полевых испытаний)', '2016-10-08 01:19:37', '2016-02-23 15:12:40', 0, 0),
(732, 30, 'CZ75-Auto | Victoria (Field-Tested)', 350514676, 'covert', 210, 'CZ75-Auto | Виктория (После полевых испытаний)', '2016-10-08 01:20:22', '2016-02-23 15:12:52', 0, 0),
(733, 30, '★ Huntsman Knife | Safari Mesh (Field-Tested)', 1414019093, 'covert', 3228, '★ Охотничий нож | Африканская сетка (После полевых испытаний)', '2016-10-08 01:23:32', '2016-02-23 15:14:10', 0, 0),
(734, 30, '★ Gut Knife | Night (Field-Tested)', 1551520848, 'covert', 2791, '★ Нож с лезвием-крюком | Ночь (После полевых испытаний)', '2016-10-08 01:22:23', '2016-02-23 15:14:17', 0, 0),
(735, 30, '★ Butterfly Knife | Case Hardened (Field-Tested)', 520463978, 'covert', 7519, '★ Нож-бабочка | Поверхностная закалка (После полевых испытаний)', '2016-10-08 01:24:15', '2016-02-23 15:14:40', 0, 0);

-- --------------------------------------------------------

--
-- Структура таблицы `logmoney`
--

CREATE TABLE IF NOT EXISTS `logmoney` (
  `id` int(11) NOT NULL AUTO_INCREMENT,
  `userid` int(10) unsigned NOT NULL,
  `money` int(11) NOT NULL,
  `comment` text NOT NULL,
  `admin` int(11) NOT NULL,
  `date` timestamp NOT NULL DEFAULT CURRENT_TIMESTAMP ON UPDATE CURRENT_TIMESTAMP,
  PRIMARY KEY (`id`)
) ENGINE=InnoDB  DEFAULT CHARSET=utf8 AUTO_INCREMENT=2 ;

--
-- Дамп данных таблицы `logmoney`
--

INSERT INTO `logmoney` (`id`, `userid`, `money`, `comment`, `admin`, `date`) VALUES
(1, 262, 5000, 'Пополнил баланс ', 1, '2016-04-09 03:26:15');

-- --------------------------------------------------------

--
-- Структура таблицы `log_autobot`
--

CREATE TABLE IF NOT EXISTS `log_autobot` (
  `id` int(11) NOT NULL AUTO_INCREMENT,
  `name` varchar(500) NOT NULL,
  `ids` varchar(500) NOT NULL,
  `price` int(11) NOT NULL,
  `log` text NOT NULL,
  `updated_at` timestamp NOT NULL DEFAULT CURRENT_TIMESTAMP ON UPDATE CURRENT_TIMESTAMP,
  `created_at` timestamp NOT NULL DEFAULT '0000-00-00 00:00:00',
  PRIMARY KEY (`id`)
) ENGINE=InnoDB  DEFAULT CHARSET=utf8 AUTO_INCREMENT=3 ;

--
-- Дамп данных таблицы `log_autobot`
--

INSERT INTO `log_autobot` (`id`, `name`, `ids`, `price`, `log`, `updated_at`, `created_at`) VALUES
(1, '"★ Нож-бабочка | Поверхностная закалка"', '1621312389_188530139', 849900, '', '2016-04-05 07:18:05', '2016-04-05 07:18:05'),
(2, '"★ Нож-бабочка | Поверхностная закалка"', '1621312389_188530139', 849900, '', '2016-04-05 07:18:22', '2016-04-05 07:18:22');

-- --------------------------------------------------------

--
-- Структура таблицы `log_pay`
--

CREATE TABLE IF NOT EXISTS `log_pay` (
  `id` int(11) NOT NULL AUTO_INCREMENT,
  `inv` varchar(500) NOT NULL,
  `amount` int(11) NOT NULL,
  `data` text NOT NULL,
  `user` int(10) unsigned NOT NULL,
  `uniq` varchar(500) NOT NULL,
  `created_at` timestamp NOT NULL DEFAULT CURRENT_TIMESTAMP ON UPDATE CURRENT_TIMESTAMP,
  PRIMARY KEY (`id`)
) ENGINE=InnoDB DEFAULT CHARSET=utf8 AUTO_INCREMENT=1 ;

-- --------------------------------------------------------

--
-- Структура таблицы `payment`
--

CREATE TABLE IF NOT EXISTS `payment` (
  `id` int(11) NOT NULL AUTO_INCREMENT,
  `uid` int(11) NOT NULL,
  `user_id` int(10) unsigned NOT NULL,
  `balance` int(11) NOT NULL,
  `status` int(11) NOT NULL,
  PRIMARY KEY (`id`)
) ENGINE=InnoDB  DEFAULT CHARSET=utf8 AUTO_INCREMENT=82 ;

--
-- Дамп данных таблицы `payment`
--

INSERT INTO `payment` (`id`, `uid`, `user_id`, `balance`, `status`) VALUES
(1, 2071055969, 3, 1000, 0),
(2, 1272508932, 2, 50, 0),
(3, 1171764011, 5, 258, 0),
(4, 161682198, 5, 258, 1),
(5, 1903495488, 5, 10, 1),
(6, 500176399, 6, 200, 1),
(7, 76098325, 8, 89, 1),
(8, 28747090, 12, 1000, 0),
(9, 537143033, 2, 50, 0),
(10, 187209015, 14, 500, 0),
(11, 1675897984, 17, 5, 0),
(12, 1760952128, 1, 5, 0),
(13, 1851760254, 22, 30, 0),
(14, 430172688, 22, 50, 1),
(15, 1891765861, 23, 30, 1),
(16, 1246179419, 28, 600, 0),
(17, 941980180, 28, 559, 0),
(18, 1855212480, 28, 540, 0),
(19, 1229800512, 33, 100, 0),
(20, 293003162, 33, 100, 0),
(21, 1936031707, 234, 29, 0),
(22, 1579639381, 236, 200, 0),
(23, 1073832597, 237, 89, 1),
(24, 52763611, 238, 49, 0),
(25, 1825992157, 237, 123, 1),
(26, 1365994683, 237, 13, 1),
(27, 1869780030, 7, 48, 0),
(28, 830509252, 7, 29, 1),
(29, 1536769778, 241, 100, 1),
(30, 1591515445, 244, 100, 0),
(31, 1469836473, 245, 200, 0),
(32, 389380501, 246, 100, 0),
(33, 319123252, 14, 500, 0),
(34, 323026708, 252, 100, 0),
(35, 670119068, 253, 49, 0),
(36, 1059184205, 254, 100, 1),
(37, 1586191401, 28, 500, 1),
(38, 1036586803, 257, 50, 0),
(39, 1027958173, 259, 51, 0),
(40, 1294375871, 259, 51, 0),
(41, 1020862062, 259, 51, 0),
(42, 1446093923, 28, 123434243, 0),
(43, 1728394251, 242, 500, 0),
(44, 691050473, 266, 149, 0),
(45, 1155084646, 266, 119, 0),
(46, 1475741564, 267, 3, 0),
(47, 426639339, 9, 150, 0),
(48, 1935930631, 273, 300, 0),
(49, 2091511107, 273, 270, 0),
(50, 1126010497, 274, 500, 0),
(51, 399213869, 274, 470, 0),
(52, 1261091389, 274, 100, 1),
(53, 240213364, 274, 100, 1),
(54, 159983770, 274, 50, 1),
(55, 1899133607, 274, 150, 1),
(56, 1115192461, 274, 50, 1),
(57, 1152448913, 274, 20, 0),
(58, 74912246, 274, 5, 1),
(59, 2055854587, 274, 4, 0),
(60, 1193834243, 275, 30, 0),
(61, 1240897521, 274, 4, 0),
(62, 670136082, 276, 24, 0),
(63, 480847986, 259, 460, 0),
(64, 149811327, 277, 500, 1),
(65, 798706322, 280, 500, 0),
(66, 761867527, 280, 150, 0),
(67, 392231486, 280, 260, 0),
(68, 925385655, 282, 500, 1),
(69, 781317237, 259, 550, 0),
(70, 1187553958, 304, 37, 0),
(71, 1935272650, 304, 37, 0),
(72, 365605656, 310, 150, 0),
(73, 703885184, 313, 10, 0),
(74, 1339956271, 314, 123, 0),
(75, 33006341, 317, 29, 0),
(76, 151432575, 4, 54, 0),
(77, 2057392773, 4, 3, 0),
(78, 1823558157, 10, 39999, 0),
(79, 1912177299, 11, 100, 0),
(80, 937750518, 9, 100, 0),
(81, 1238633771, 13, 3, 0);

-- --------------------------------------------------------

--
-- Структура таблицы `users`
--

CREATE TABLE IF NOT EXISTS `users` (
  `id` int(10) unsigned NOT NULL AUTO_INCREMENT,
  `username` varchar(300) NOT NULL,
  `steamid64` varchar(255) NOT NULL,
  `avatar` text NOT NULL,
  `updated_at` timestamp NOT NULL DEFAULT CURRENT_TIMESTAMP ON UPDATE CURRENT_TIMESTAMP,
  `created_at` timestamp NOT NULL DEFAULT '0000-00-00 00:00:00',
  `steamid` varchar(255) NOT NULL,
  `remember_token` text NOT NULL,
  `partner` int(10) unsigned NOT NULL,
  `money` float NOT NULL,
  `trade_link` text NOT NULL,
  `accessToken` text NOT NULL,
  `is_admin` int(11) NOT NULL,
  `language` varchar(40) NOT NULL,
  `support` int(11) NOT NULL,
  `banchat` int(11) NOT NULL,
  `youtuber` int(11) NOT NULL,
  PRIMARY KEY (`id`)
) ENGINE=InnoDB  DEFAULT CHARSET=utf8 AUTO_INCREMENT=14 ;

--
-- Дамп данных таблицы `users`
--

INSERT INTO `users` (`id`, `username`, `steamid64`, `avatar`, `updated_at`, `created_at`, `steamid`, `remember_token`, `partner`, `money`, `trade_link`, `accessToken`, `is_admin`, `language`, `support`, `banchat`, `youtuber`) VALUES
(1, 'Just Love <3', '76561198112112554', 'https://steamcdn-a.akamaihd.net/steamcommunity/public/images/avatars/ee/ee54b0ef191bc41f9b8a64813f22ed17ecd06e8b_full.jpg', '2016-10-08 02:17:20', '2016-10-08 01:23:12', 'STEAM_0:0:75923413', 'y7HrwH8rOwrflbAjqLjGncWfmmRwoZON8ISRlrvkWEGPWgV1ZNR0AXnKp4yD', 0, 4879, 'https://steamcommunity.com/tradeoffer/new/?partner=151846826&token=KqZFeOar', 'KqZFeOar', 1, '', 0, 0, 0),
(2, 'Jason Statham shurzgbets.com', '76561198181092490', 'https://steamcdn-a.akamaihd.net/steamcommunity/public/images/avatars/09/095b777e7540b7584aebcd6d2dc14907334dbf3e_full.jpg', '2016-10-08 15:31:07', '2016-10-08 15:31:07', 'STEAM_0:0:110413381', '5PsVjpkz2xUuUnbteuZqgKYj7RohfV2XV3OXn1psJIMYDCp8N3bhPO3lkWK1', 0, 0, '', '', 0, '', 0, 0, 0),
(3, 'HEALIS', '76561198256831328', 'https://steamcdn-a.akamaihd.net/steamcommunity/public/images/avatars/f2/f2be56dedba1420e8602cde2ab5be0961b38448f_full.jpg', '2016-10-08 21:27:08', '2016-10-08 18:18:43', 'STEAM_0:0:148282800', 'E2hnfurhgrvaNZgmTjcwAILYDRhaVDvomZqtGQXcZ7keENBFIdALtFLlm12I', 0, 0, 'https://steamcommunity.com/tradeoffer/new/?partner=296565600&token=lVbjnPd-', 'lVbjnPd-', 0, '', 0, 0, 0),
(4, 'YouTube.com/c/DRIMERSHOW', '76561198315775140', 'https://steamcdn-a.akamaihd.net/steamcommunity/public/images/avatars/70/7019b361cd031f4d473027d88876f0c14f42455c_full.jpg', '2016-10-09 15:57:37', '2016-10-09 15:57:36', 'STEAM_0:0:177754706', 'lKq4M2ehF2dbFaukMxSecDZBxPjzze3AHwFjgb7GEFozEbX9kcFAtDaYcqg3', 0, 0, '', '', 0, '', 0, 0, 0),
(5, 'roulettecsgo.ru', '76561198047404522', 'https://steamcdn-a.akamaihd.net/steamcommunity/public/images/avatars/ca/ca90b030f9bd30f91ba2845d05ca01c116090247_full.jpg', '2016-10-10 00:56:54', '2016-10-10 00:56:54', 'STEAM_0:0:43569397', 'B7n1Mf1uNsCl54YQ84AGHd0GMIsJeZNRnOcfMGreINlMK5paiQ8SYidBuEMq', 0, 0, '', '', 0, '', 0, 0, 0),
(6, 'WOLK', '76561198025678566', 'https://steamcdn-a.akamaihd.net/steamcommunity/public/images/avatars/a6/a6d2ef7e0c4c098bd1d509c3ccc620cc51b63cc2_full.jpg', '2016-10-10 23:05:16', '2016-10-10 23:05:15', 'STEAM_0:0:32706419', 'g0KTCAD0mLNd8jzOnVOnddWPBRFgvGIhKV7dPRxRwOV8fndd2tI951oc9Y1H', 0, 0, '', '', 0, '', 0, 0, 0),
(7, 'TemaKotov / SOCIABLE-DESIGN.RU', '76561198168642753', 'https://steamcdn-a.akamaihd.net/steamcommunity/public/images/avatars/ad/ad314c9755716a4207ca02fc6645f51073c70e62_full.jpg', '2016-10-10 23:13:24', '2016-10-10 23:13:24', 'STEAM_0:1:104188512', 'VkzIoLLMjWbbvSFfFQ2JHPiU7DkhMCd2jisVMtXd0LwFlmn24RkSWoPjhEsS', 0, 0, '', '', 0, '', 0, 0, 0),
(8, 'Саня', '76561198319450757', 'https://steamcdn-a.akamaihd.net/steamcommunity/public/images/avatars/16/16c6c733271ea2326052139a1f1fb21cd6845ca6_full.jpg', '2016-10-11 01:57:12', '2016-10-11 01:57:12', 'STEAM_0:1:179592514', 'wgSDEQsjJEOBMnPje0hP9Nkx9GKNDersuMG7IE6ZQdQwk9WNFntmhwmaYhYt', 0, 0, '', '', 0, '', 0, 0, 0),
(9, '⇜EvilPandaTV ⇝ YouTube ⇝', '76561197983390159', 'https://steamcdn-a.akamaihd.net/steamcommunity/public/images/avatars/41/418e712c69c156f405150aeb63ce7b733f39699e_full.jpg', '2016-10-13 21:53:56', '2016-10-13 21:53:56', 'STEAM_0:1:11562215', 'XMe0eGw7GmEhT200kXKv7E1tqB4UBEomdRFgFGWJ8nbM8YvohJjyGMa5lBPp', 0, 0, '', '', 0, '', 0, 0, 0),
(10, '...:::Remmy:::...cases2x.com', '76561198092772912', 'https://steamcdn-a.akamaihd.net/steamcommunity/public/images/avatars/db/db64165ef05c159994651c7935969c4687ba12c7_full.jpg', '2016-10-14 14:46:14', '2016-10-14 14:45:57', 'STEAM_0:0:66253592', 'pseZwjsSe949dbLDppDxvaKFI8rnUgjz2mJPfayYHRi29Q6Na6FZtYfR4sgH', 0, 0, 'https://steamcommunity.com/tradeoffer/new/?partner=132507184&token=hir-TQqL', 'hir-TQqL', 0, '', 0, 0, 0),
(11, 'N3mE', '76561198323346377', 'https://steamcdn-a.akamaihd.net/steamcommunity/public/images/avatars/04/0467f0e83681ec04a31534e5a45b8093ef2c4567_full.jpg', '2016-10-14 15:54:08', '2016-10-14 15:51:08', 'STEAM_0:1:181540324', 'NZltw5scGJ9FsgOnNjrpXMrQ5pCqJzvIE6lKUPuMi1vU0JGR14ymDPJoJ3sA', 0, 0, 'https://steamcommunity.com/tradeoffer/new/?partner=363080649&token=3Hgi3n-_', '3Hgi3n-_', 0, '', 0, 0, 0),
(12, 'МЕНЕДЖЕР ТОПОВЫХ СТРИМЕРШ', '76561198118384046', 'https://steamcdn-a.akamaihd.net/steamcommunity/public/images/avatars/4f/4f3c1ee9c279c5d085ccc222185bd426031b515e_full.jpg', '2016-10-14 18:35:02', '2016-10-14 18:35:02', 'STEAM_0:0:79059159', 'pom571B5n6b0BcPbwrfZE89iZgUijYCXU8KFCklY3npQ7XhCo4YFjedS0SMJ', 0, 0, '', '', 0, '', 0, 0, 0),
(13, '★ Echo ★', '76561198143585771', 'https://steamcdn-a.akamaihd.net/steamcommunity/public/images/avatars/31/31592af48ecf8e689eac507063ef3893055daaa0_full.jpg', '2016-10-15 03:31:55', '2016-10-15 03:31:55', 'STEAM_0:1:91660021', 'NHA1TjM0BLidK9hRejQfw31GJubCh41MAcCX7vJr7B7LXvSdzoINLxQCd750', 0, 0, '', '', 0, '', 0, 0, 0);

/*!40101 SET CHARACTER_SET_CLIENT=@OLD_CHARACTER_SET_CLIENT */;
/*!40101 SET CHARACTER_SET_RESULTS=@OLD_CHARACTER_SET_RESULTS */;
/*!40101 SET COLLATION_CONNECTION=@OLD_COLLATION_CONNECTION */;
